Title,Price_in_lacs,Auction-rating,img,Model,driven-in_kms,Type,Engine,Transmission_type
Honda Vezel  2016 Hybrid Z for Sale,"

                        PKR 62 ",8.8/10,https://cache4.pakwheels.com/ad_pictures/9381/tn_honda-vezel-hybrid-z-2016-93815773.webp,2016,"60,595 km",Hybrid,1500 cc,Automatic
Toyota Corolla  2022 Altis X Automatic 1.6 Special Edition for Sale,"

                        PKR 69 ",8.7/10,https://cache1.pakwheels.com/ad_pictures/9154/tn_toyota-corolla-altis-x-automatic-1-6-special-edition-2022-91547577.webp,2022,"8,494 km",Petrol,1598 cc,Automatic
Toyota Corolla  2019 GLi Automatic 1.3 VVTi for Sale,"

                        PKR 40.6 ",6.4/10,https://cache4.pakwheels.com/ad_pictures/9456/tn_toyota-corolla-gli-vvti-automatic-2019-94567490.webp,2019,"48,000 km",Petrol,1300 cc,Automatic
Toyota Corolla  2023 Altis Grande X CVT-i 1.8 Beige Interior for Sale,"

                        PKR 72.3 ",10/10,https://cache1.pakwheels.com/ad_pictures/9206/tn_toyota-corolla-altis-grande-x-cvt-i-1-8-beige-2023-92068463.webp,2023,"4,068 km",Petrol,1800 cc,Automatic
Suzuki Cultus  2006 VXR for Sale,"

                        PKR 5.9 ",4.1/10,https://cache1.pakwheels.com/ad_pictures/9252/tn_suzuki-cultus-vxr-2006-v-1-92529274.webp,2006,"31,592 km",Petrol,1000 cc,Manual
Peugeot 2008  2022 Allure for Sale,"

                        PKR 71 ",9.6/10,https://cache2.pakwheels.com/ad_pictures/9227/tn_peugeot-2008-2022-92276107.webp,2022,"11,540 km",Petrol,1200 cc,Automatic
Toyota Corolla  2017 Altis Automatic 1.6 for Sale,"

                        PKR 39 ",8.1/10,https://cache2.pakwheels.com/ad_pictures/9177/tn_toyota-corolla-altis-1-6-automatic-2017-91772718.webp,2017,"91,053 km",Petrol,1600 cc,Automatic
KIA Sportage  2022 FWD for Sale,"

                        PKR 77 ",10/10,https://cache4.pakwheels.com/ad_pictures/9438/tn_kia-sportage-fwd-2022-94382621.webp,2022,272 km,Petrol,2000 cc,Automatic
Suzuki Alto  2021 VXL AGS for Sale,"

                        PKR 25.5 ",8.7/10,https://cache1.pakwheels.com/ad_pictures/9359/tn_suzuki-alto-vxl-2-2021-93591424.webp,2021,"37,576 km",Petrol,660 cc,Automatic
Toyota Corolla  2013 XLi VVTi for Sale,"

                        PKR 25 ",7.2/10,https://cache3.pakwheels.com/ad_pictures/9381/tn_toyota-corolla-xli-vvti-2013-93818076.webp,2013,"95,245 km",Petrol,1300 cc,Manual
KIA Sportage  2021 AWD for Sale,"

                        PKR 72.5 ",9.8/10,https://cache2.pakwheels.com/ad_pictures/9415/tn_kia-sportage-awd-2021-94154358.webp,2021,"19,367 km",Petrol,2000 cc,Automatic
Suzuki Cultus  2005 VXL for Sale,"

                        PKR 6.5 ",4/10,https://cache1.pakwheels.com/ad_pictures/9442/tn_suzuki-cultus-vxl-2-2005-94428586.webp,2005,"77,803 km",Petrol,1000 cc,Manual
Toyota Aqua  2014 G for Sale,"

                        PKR 40 ",7.7/10,https://cache2.pakwheels.com/ad_pictures/9143/tn_toyota-aqua-2014-91434476.webp,2014,"118,057 km",Hybrid,1500 cc,Automatic
Toyota Prado  2011 TX 2.7 for Sale,"

                        PKR 1.46 ",8.2/10,https://cache4.pakwheels.com/ad_pictures/9007/tn_toyota-prado-tx-4-2011-90078449.webp,2011,"116,000 km",Petrol,2700 cc,Automatic
Suzuki Cultus  2021 VXL for Sale,"

                        PKR 32.5 ",8.7/10,https://cache3.pakwheels.com/ad_pictures/9407/tn_suzuki-cultus-vxl-2-2021-94078658.webp,2021,"35,469 km",Petrol,1000 cc,Manual
BMW 5 Series  2007  for Sale,"

                        Call
                  ",8.9/10,https://cache4.pakwheels.com/ad_pictures/9228/tn_bmw-5-series-2007-92283201.webp,2007,"137,000 km",Petrol,5000 cc,Automatic
Hyundai Tucson  2021 AWD A/T Ultimate for Sale,"

                        PKR 76.5 ",,https://cache4.pakwheels.com/ad_pictures/9363/tn_hyundai-tucson-awd-a-t-ultimate-2021-93630679.webp,2021,"22,114 km",Petrol,2000 cc,Automatic
Jeep Wrangler  1981  for Sale,"

                        PKR 45 ",9.1/10,https://cache4.pakwheels.com/ad_pictures/9276/tn_jeep-wrangler-1981-92762415.webp,1981,"95,000 km",Petrol,2700 cc,Automatic
Suzuki Wagon R  2013 Stingray X for Sale,"

                        PKR 19 ",,https://cache2.pakwheels.com/ad_pictures/9368/tn_suzuki-wagon-r-x-14-2013-93686844.webp,2013,"90,000 km",Petrol,660 cc,Automatic
Mercedes Benz C Class  2021 C 180 Cabriolet for Sale,"

                        PKR 3.25 ",,https://cache3.pakwheels.com/ad_pictures/9367/tn_mercedes-benz-c-class-c-180-cabriolet-2021-93672350.webp,2021,"11,000 km",Petrol,1600 cc,Automatic
Honda Civic  2018 Oriel 1.8 i-VTEC CVT for Sale,"

                        PKR 51 ",,https://cache2.pakwheels.com/ad_pictures/9367/tn_honda-civic-oriel-1-8-i-vtec-cvt-2018-93676278.webp,2018,"49,000 km",Petrol,1800 cc,Automatic
Honda Civic Eagle Eye 2004 VTi Oriel UG Prosmatec 1.6 for Sale,"

                        PKR 15 ",,https://cache1.pakwheels.com/ad_pictures/9369/tn_honda-civic-vti-oriel-prosmatec-ug-2004-93691727.webp,2004,"180,000 km",Petrol,1600 cc,Automatic
Suzuki Mehran  2019 VXR Euro II for Sale,"

                        PKR 15.5 ",,https://cache4.pakwheels.com/ad_pictures/9369/tn_suzuki-mehran-vxr-euro-ii-2019-93698896.webp,2019,"50,735 km",Petrol,796 cc,Manual
Suzuki Alto  2015 L for Sale,"

                        PKR 25.5 ",,https://cache4.pakwheels.com/ad_pictures/9370/tn_suzuki-alto-x-9-2015-93705547.webp,2015,"67,000 km",Petrol,660 cc,Automatic
Toyota Passo  2015 X L Package for Sale,"

                        PKR 24.8 ",8.5/10,https://cache1.pakwheels.com/ad_pictures/9307/tn_toyota-passo-x-l-package-2015-93074364.webp,2015,123 km,Petrol,1000 cc,Automatic
Toyota Vitz  1999 F 1.3 for Sale,"

                        PKR 11.5 ",,https://cache3.pakwheels.com/ad_pictures/9094/tn_toyota-vitz-1-3-f-1999-90949659.webp,1999,"200,000 km",Petrol,1300 cc,Automatic
Honda Civic  2017 Oriel 1.8 i-VTEC CVT for Sale,"

                        PKR 50 ",,https://cache1.pakwheels.com/ad_pictures/9371/tn_honda-civic-oriel-1-8-i-vtec-cvt-2017-93715700.webp,2017,"70,000 km",Petrol,1800 cc,Automatic
KIA Sportage  2021 FWD for Sale,"

                        PKR 73 ",,https://cache1.pakwheels.com/ad_pictures/9372/tn_kia-sportage-fwd-2021-93720199.webp,2021,"10,200 km",Petrol,1999 cc,Automatic
Toyota Yaris  2020 ATIV CVT 1.3 for Sale,"

                        PKR 38.5 ",,https://cache3.pakwheels.com/ad_pictures/8815/tn_toyota-yaris-ativ-cvt-1-3-2020-88150677.webp,2020,"29,755 km",Petrol,1300 cc,Automatic
Toyota Hilux  2022  for Sale,"

                        PKR 69 ",,https://cache4.pakwheels.com/ad_pictures/9372/tn_toyota-hilux-2022-93729609.webp,2022,800 km,Petrol,2700 cc,Manual
Daihatsu Mira  2018 X SA lll for Sale,"

                        PKR 32.45 ",,https://cache3.pakwheels.com/ad_pictures/9373/tn_daihatsu-mira-x-sa-lll-2018-93734322.webp,2018,"78,000 km",Petrol,660 cc,Automatic
Honda Civic  2001 VTi Prosmatec 1.6 for Sale,"

                        PKR 12 ",,https://cache2.pakwheels.com/ad_pictures/9373/tn_honda-civic-vti-prosmatec-2001-93735672.webp,2001,"123,456 km",Petrol,1600 cc,Automatic
Toyota Corolla  2012 XLi VVTi for Sale,"

                        PKR 24.5 ",,https://cache2.pakwheels.com/ad_pictures/9374/tn_toyota-corolla-xli-vvti-2012-93746946.webp,2012,"55,000 km",Petrol,1300 cc,Manual
Nissan Juke  2010 15RX Premium Personalize Package for Sale,"

                        PKR 27 ",,https://cache4.pakwheels.com/ad_pictures/9238/tn_nissan-juke-15rx-urban-selection-2010-92382224.webp,2010,"110,000 km",Petrol,1500 cc,Automatic
Daihatsu Mira  2017  for Sale,"

                        PKR 19.5 ",,https://cache2.pakwheels.com/ad_pictures/9375/tn_daihatsu-mira-2017-93759645.webp,2017,"85,000 km",Petrol,660 cc,Manual
Prince Pearl  2021 MT for Sale,"

                        PKR 12.5 ",,https://cache3.pakwheels.com/ad_pictures/9233/tn_prince-pearl-mt-2021-92338435.webp,2021,"11,000 km",Petrol,800 cc,Manual
Honda Insight  2009 G for Sale,"

                        PKR 27 ",,https://cache3.pakwheels.com/ad_pictures/9375/tn_honda-insight-g-11-2009-93756040.webp,2009,"193,000 km",Petrol,1300 cc,Automatic
Toyota Corolla  2015 Altis Grande CVT-i 1.8 for Sale,"

                        PKR 42 ",,https://cache3.pakwheels.com/ad_pictures/9376/tn_toyota-corolla-altis-1-8-grande-automatic-2015-93760169.webp,2015,"44,100 km",Petrol,1800 cc,Automatic
Suzuki Ravi  1982  for Sale,"

                        PKR 2.6 ",,https://cache4.pakwheels.com/ad_pictures/9376/tn_suzuki-ravi-1982-93769041.webp,1982,"19,000 km",Petrol,800 cc,Manual
Suzuki Ravi  1988  for Sale,"

                        PKR 3.9 ",,https://cache1.pakwheels.com/ad_pictures/9379/tn_suzuki-ravi-1988-93796279.webp,1988,"80,000 km",Petrol,800 cc,Manual
Suzuki Alto  2021  for Sale,"

                        PKR 22.5 ",,https://cache1.pakwheels.com/ad_pictures/9377/tn_suzuki-alto-2021-93775003.webp,2021,"32,000 km",Petrol,660 cc,Manual
Suzuki Swift  2015 DLX 1.3 for Sale,"

                        PKR 17.5 ",,https://cache4.pakwheels.com/ad_pictures/9378/tn_suzuki-swift-1-3l-dlx-2015-93784191.webp,2015,"118,000 km",Petrol,1300 cc,Manual
Toyota Corolla 9th Generation 2003 XLi for Sale,"

                        PKR 14 ",,https://cache2.pakwheels.com/ad_pictures/9380/tn_toyota-corolla-xli-2-2003-93804940.webp,2003,50 km,Petrol,1300 cc,Manual
Toyota Starlet  1988 1.0 for Sale,"

                        PKR 4 ",,https://cache3.pakwheels.com/ad_pictures/9378/tn_toyota-starlet-1-0-2-1988-93788074.webp,1988,100 km,Petrol,1500 cc,Manual
Toyota Yaris  2021 ATIV X CVT 1.5 for Sale,"

                        PKR 44 ",8.3/10,https://cache3.pakwheels.com/ad_pictures/9378/tn_toyota-yaris-ativ-x-cvt-1-5-2021-93781100.webp,2021,44 km,Petrol,1500 cc,Automatic
Toyota Corolla  2018 GLi Automatic 1.3 VVTi for Sale,"

                        PKR 40.5 ",,https://cache2.pakwheels.com/ad_pictures/9380/tn_toyota-corolla-gli-vvti-automatic-2018-93800714.webp,2018,"80,000 km",Petrol,1300 cc,Automatic
Suzuki Cultus  2010 VXLi for Sale,"

                        PKR 11.1 ",,https://cache3.pakwheels.com/ad_pictures/9379/tn_suzuki-cultus-vxli-2-2010-93791538.webp,2010,"82,000 km",Petrol,1000 cc,Manual
Toyota Aqua  2013 S for Sale,"

                        PKR 30 ",,https://cache1.pakwheels.com/ad_pictures/6574/Slide_toyota-aqua-s-15-2013-65747192.jpg,2013,"150,000 km",Hybrid,1500 cc,Automatic
Suzuki Alto  2021 VXR for Sale,"

                        PKR 22 ",,https://cache2.pakwheels.com/ad_pictures/9012/tn_suzuki-alto-vxr-2-2021-90123594.webp,2021,"43,000 km",Petrol,660 cc,Manual
Suzuki Alto  2020  for Sale,"

                        PKR 33.5 ",,https://cache3.pakwheels.com/ad_pictures/9245/tn_suzuki-alto-2020-92450740.webp,2020,"7,573 km",Petrol,660 cc,Automatic
Toyota Fortuner  2021 2.7 V for Sale,"

                        PKR 1.47 ",,https://cache3.pakwheels.com/ad_pictures/9079/tn_toyota-fortuner-2-7-v-2021-90793765.webp,2021,"12,000 km",Petrol,2700 cc,Automatic
Suzuki Alto  2023 VXR for Sale,"

                        Call
                  ",,https://cache1.pakwheels.com/ad_pictures/8101/tn_suzuki-alto-vxr-2-2023-81011213.webp,2023,1 km,Petrol,660 cc,Manual
Toyota Passo  2013  for Sale,"

                        PKR 22.9 ",,https://cache1.pakwheels.com/ad_pictures/9383/tn_toyota-passo-2013-93833555.webp,2013,"77,389 km",Petrol,1000 cc,Automatic
Suzuki Mehran  2001 VXR for Sale,"

                        PKR 4.5 ",,https://cache3.pakwheels.com/ad_pictures/8915/tn_suzuki-mehran-vxr-2-2001-89153151.webp,2001,"89,000 km",Petrol,800 cc,Manual
Toyota Hilux  2012 SR5 for Sale,"

                        PKR 87 ",,https://cache2.pakwheels.com/ad_pictures/8707/tn_toyota-hilux-sr5-2012-87075435.webp,2012,"118,000 km",Petrol,4000 cc,Automatic
Honda Civic  2012  for Sale,"

                        PKR 23 ",,https://cache4.pakwheels.com/ad_pictures/9384/tn_honda-civic-2012-93844593.webp,2012,"86,000 km",Petrol,1800 cc,Manual
Proton X70  2022 Premium FWD for Sale,"

                        PKR 82.5 ",,https://cache3.pakwheels.com/ad_pictures/9391/tn_proton-x70-premium-fwd-2022-93913179.webp,2022,"9,000 km",Petrol,1500 cc,Automatic
Toyota Corolla  2010 Altis Cruisetronic 1.8 for Sale,"

                        PKR 27 ",,https://cache2.pakwheels.com/ad_pictures/9385/tn_toyota-corolla-1-8-cruisetronic-2010-93851446.webp,2010,"114,000 km",Petrol,1800 cc,Automatic
Honda Civic EK 1998 VTi 1.6 for Sale,"

                        PKR 7.9 ",,https://cache1.pakwheels.com/ad_pictures/9385/tn_honda-civic-vti-1-6-1998-93855452.webp,1998,"250,000 km",Petrol,1600 cc,Manual
Toyota Corolla  2022 Altis Grande 1.8 for Sale,"

                        PKR 67.75 ",,https://cache1.pakwheels.com/ad_pictures/9386/tn_toyota-corolla-altis-1-8-grande-2022-93860577.webp,2022,"35,000 km",Petrol,1800 cc,Automatic
Toyota Vitz  2009 F 1.0 for Sale,"

                        PKR 21 ",,https://cache1.pakwheels.com/ad_pictures/9386/tn_toyota-vitz-1-0-f-2009-93863468.webp,2009,"90,000 km",Petrol,1000 cc,Automatic
Hyundai Elantra  2021 GLS for Sale,"

                        PKR 61 ",,https://cache2.pakwheels.com/ad_pictures/9387/tn_hyundai-elantra-gls-9-2021-93873902.webp,2021,"14,000 km",Petrol,2000 cc,Automatic
Toyota Corolla  2019 Altis Automatic 1.6 for Sale,"

                        PKR 45.35 ",,https://cache3.pakwheels.com/ad_pictures/9386/tn_toyota-corolla-altis-1-6-automatic-2019-93868324.webp,2019,"67,000 km",Petrol,1600 cc,Automatic
Honda City 5th Generation 2019 1.3 i-VTEC Prosmatec for Sale,"

                        PKR 39.5 ",,https://cache3.pakwheels.com/ad_pictures/9388/tn_honda-city-i-vtec-prosmatec-2019-93884877.webp,2019,"42,000 km",Petrol,1300 cc,Automatic
Honda Civic  2018 Oriel 1.8 i-VTEC CVT for Sale,"

                        PKR 48 ",,https://cache2.pakwheels.com/ad_pictures/9388/tn_honda-civic-oriel-1-8-i-vtec-cvt-2018-93881531.webp,2018,"50,000 km",Petrol,1800 cc,Automatic
Toyota Aqua  2015 S for Sale,"

                        PKR 42.2 ",,https://cache2.pakwheels.com/ad_pictures/9388/tn_toyota-aqua-s-15-2015-93888947.webp,2015,"138,000 km",Hybrid,1500 cc,Automatic
DFSK Glory 580  2022 Pro for Sale,"

                        PKR 55 ",,https://cache1.pakwheels.com/ad_pictures/9387/tn_dfsk-glory-580-pro-2022-93877338.webp,2022,"20,000 km",Petrol,1500 cc,Automatic
Toyota Aqua  2014 L for Sale,"

                        PKR 31.5 ",,https://cache2.pakwheels.com/ad_pictures/9389/tn_toyota-aqua-l-16-2014-93895627.webp,2014,"92,000 km",Hybrid,1500 cc,Automatic
Toyota Corolla  2019 Altis Automatic 1.6 for Sale,"

                        PKR 47.75 ",,https://cache2.pakwheels.com/ad_pictures/8922/tn_toyota-corolla-altis-1-6-automatic-2019-89229901.webp,2019,"55,000 km",Petrol,1600 cc,Automatic
Suzuki Alto  2019 VXR for Sale,"

                        PKR 20.8 ",7.7/10,https://cache1.pakwheels.com/ad_pictures/9390/tn_suzuki-alto-vxr-2-2019-93902345.webp,2019,"88,000 km",Petrol,660 cc,Manual
KIA Picanto  2022 1.0 AT for Sale,"

                        PKR 31.2 ",,https://cache4.pakwheels.com/ad_pictures/9390/tn_kia-picanto-1-0-at-2022-93909801.webp,2022,"14,500 km",Petrol,1000 cc,Automatic
Daihatsu Charade  1986 CX for Sale,"

                        PKR 2.1 ",,https://cache1.pakwheels.com/ad_pictures/8432/tn_daihatsu-charade-cx-2-1986-84328911.webp,1986,200 km,Petrol,1000 cc,Manual
Changan Alsvin  2022 1.5L DCT Lumiere for Sale,"

                        PKR 40 ",,https://cache2.pakwheels.com/ad_pictures/9392/tn_changan-alsvin-1-5l-dct-lumiere-2022-93929086.webp,2022,"16,800 km",Petrol,1500 cc,Automatic
Honda Vezel  2014 Hybrid Z for Sale,"

                        PKR 50 ",,https://cache3.pakwheels.com/ad_pictures/9391/tn_honda-vezel-hybrid-z-2014-93918121.webp,2014,"123,000 km",Hybrid,1500 cc,Automatic
Mitsubishi Minica  2011  for Sale,"

                        PKR 9.2 ",,https://cache2.pakwheels.com/ad_pictures/9392/tn_mitsubishi-minica-2011-93924450.webp,2011,"150,000 km",Petrol,660 cc,Automatic
Suzuki Khyber  1993 GA for Sale,"

                        PKR 3 ",,https://cache4.pakwheels.com/ad_pictures/9226/tn_suzuki-khyber-ga-2-1993-92269515.webp,1993,"100,000 km",Petrol,1000 cc,Manual
Nissan Clipper  2008  for Sale,"

                        PKR 13.75 ",,https://cache2.pakwheels.com/ad_pictures/9064/tn_nissan-clipper-2008-90642208.webp,2008,"80,000 km",Petrol,660 cc,Automatic
Daihatsu Mira  2020 X SA lll for Sale,"

                        PKR 35.85 ",,https://cache4.pakwheels.com/ad_pictures/9392/tn_daihatsu-mira-x-sa-lll-2020-93923767.webp,2020,"18,000 km",Petrol,660 cc,Automatic
Toyota Vitz  2008 B Intelligent Package 1.0 for Sale,"

                        PKR 18.9 ",,https://cache3.pakwheels.com/ad_pictures/9265/tn_toyota-vitz-b-intelligent-package-2008-92651206.webp,2008,129 km,Petrol,1000 cc,Automatic
Honda City  2017 1.3 i-VTEC Prosmatec for Sale,"

                        PKR 35 ",,https://cache4.pakwheels.com/ad_pictures/9394/tn_honda-city-i-vtec-prosmatec-2017-93940846.webp,2017,"87,000 km",Petrol,1300 cc,Automatic
MG HS  2023 Essence for Sale,"

                        PKR 81.57 ",,https://cache4.pakwheels.com/ad_pictures/9394/tn_mg-hs-2-essence-2023-93945941.webp,2023,1 km,Petrol,1490 cc,Automatic
BAIC BJ40 Plus  2022 Honorable Edition for Sale,"

                        PKR 90 ",,https://cache3.pakwheels.com/ad_pictures/9396/tn_baic-bj40-plus-honorable-edition-2022-93962962.webp,2022,"10,000 km",Petrol,2000 cc,Automatic
Toyota Prius  2010  for Sale,"

                        PKR 35 ",,https://cache1.pakwheels.com/ad_pictures/9395/tn_toyota-prius-2010-93950631.webp,2010,"196,000 km",Hybrid,1500 cc,Automatic
Daihatsu Hijet  2013 Special for Sale,"

                        PKR 17 ",,https://cache3.pakwheels.com/ad_pictures/9395/tn_daihatsu-hijet-van-special-4-2013-93954299.webp,2013,"13,500 km",Petrol,660 cc,Automatic
Toyota Corolla  2018 Altis Grande CVT-i 1.8 for Sale,"

                        PKR 48 ",,https://cache1.pakwheels.com/ad_pictures/9396/tn_toyota-corolla-altis-1-8-grande-automatic-2018-93967623.webp,2018,"93,000 km",Petrol,1800 cc,Automatic
Suzuki Baleno  2004 JXL for Sale,"

                        PKR 8 ",,https://cache4.pakwheels.com/ad_pictures/9397/tn_suzuki-baleno-jxl-2004-93972180.webp,2004,"155,860 km",Petrol,1300 cc,Manual
Toyota Hilux  2022 Revo G 2.8 for Sale,"

                        PKR 1.45 ",9.6/10,https://cache4.pakwheels.com/ad_pictures/9397/tn_toyota-hilux-revo-g-2-8-2022-93975806.webp,2022,"25,000 km",Diesel,2800 cc,Automatic
Mitsubishi Pajero Mini  1996 VR for Sale,"

                        PKR 10.7 ",,https://cache3.pakwheels.com/ad_pictures/9399/tn_mitsubishi-pajero-mini-vr-1996-93992312.webp,1996,"999,999 km",Petrol,660 cc,Automatic
Toyota Passo  2020 X S  for Sale,"

                        PKR 36.9 ",,https://cache3.pakwheels.com/ad_pictures/9399/tn_toyota-passo-x-s-2-2020-93996550.webp,2020,"8,000 km",Petrol,1000 cc,Automatic
Honda City 5th Generation 2019 1.3 i-VTEC Prosmatec for Sale,"

                        PKR 37.1 ",9/10,https://cache1.pakwheels.com/ad_pictures/9046/tn_honda-city-i-vtec-prosmatec-2019-90463022.webp,2019,"16,000 km",Petrol,1300 cc,Automatic
KIA Classic  2003 LX for Sale,"

                        PKR 2.9 ",9.6/10,https://cache4.pakwheels.com/ad_pictures/9398/tn_kia-classic-lx-4-2003-93985052.webp,2003,"1,234 km",LPG,1323 cc,Manual
Daihatsu Mira  2014 L for Sale,"

                        PKR 24.25 ",,https://cache4.pakwheels.com/ad_pictures/9398/tn_daihatsu-mira-l-10-2014-93988711.webp,2014,"13,000 km",Petrol,660 cc,Automatic
Honda Accord  2010 24TL for Sale,"

                        PKR 50 ",,https://cache3.pakwheels.com/ad_pictures/9020/tn_honda-accord-tl-2-4-2010-90203625.webp,2010,"54,000 km",Petrol,2400 cc,Automatic
Suzuki Cultus  2018 VXR for Sale,"

                        PKR 22.5 ",,https://cache2.pakwheels.com/ad_pictures/9400/tn_suzuki-cultus-vxr-2018-94009573.webp,2018,"48,000 km",Petrol,1000 cc,Manual
KIA Sportage  2021 FWD for Sale,"

                        PKR 71 ",,https://cache3.pakwheels.com/ad_pictures/9400/tn_kia-sportage-fwd-2021-94001792.webp,2021,"39,500 km",Petrol,1999 cc,Automatic
Mercedes Benz C Class  2021 C 180 Cabriolet for Sale,"

                        PKR 3.15 ",,https://cache3.pakwheels.com/ad_pictures/9395/tn_mercedes-benz-c-class-c-180-cabriolet-2021-93958244.webp,2021,"12,000 km",Petrol,1600 cc,Automatic
Toyota Hiace  2020  for Sale,"

                        Call
                  ",,https://img.youtube.com/vi/tLaXwwEffuM/sddefault.jpg,2020,"27,000 km",Petrol,2800 cc,Automatic
Honda City 6th Generation 2023 1.5L ASPIRE CVT for Sale,"

                        PKR 57 ",,https://cache1.pakwheels.com/ad_pictures/8935/tn_honda-city-1-5l-aspire-cvt-2023-89357443.webp,2023,47 km,Petrol,1497 cc,Automatic
Toyota Passo  2018 X L Package S  for Sale,"

                        PKR 34.9 ",,https://cache1.pakwheels.com/ad_pictures/9403/tn_toyota-passo-x-l-package-s-2018-94035099.webp,2018,"32,000 km",Petrol,1000 cc,Automatic
Toyota Aqua  2018 S for Sale,"

                        PKR 52 ",,https://cache3.pakwheels.com/ad_pictures/9401/tn_toyota-aqua-s-15-2018-94016202.webp,2018,"85,000 km",Hybrid,1500 cc,Automatic
Hyundai Santro  2007 Club for Sale,"

                        PKR 10.92 ",,https://cache2.pakwheels.com/ad_pictures/9036/tn_hyundai-santro-club-2-2007-90362739.webp,2007,"51,000 km",Petrol,1000 cc,Manual
KIA Sportage  2021 FWD for Sale,"

                        PKR 75 ",,https://cache3.pakwheels.com/ad_pictures/9224/tn_kia-sportage-fwd-2021-92244957.webp,2021,"31,000 km",Petrol,1999 cc,Automatic
Toyota Fortuner  2017 2.7 VVTi for Sale,"

                        PKR 1.04 ",,https://cache1.pakwheels.com/ad_pictures/9346/tn_toyota-fortuner-2-7-automatic-2017-93464387.webp,2017,"67,987 km",Petrol,2700 cc,Automatic
Toyota Corolla  2018 GLi 1.3 VVTi for Sale,"

                        PKR 45 ",7.4/10,https://cache2.pakwheels.com/ad_pictures/9406/tn_toyota-corolla-altis-1-8-2014-94064275.webp,2018,"106,288 km",Petrol,1300 cc,Manual
Nissan Dayz  2014  for Sale,"

                        PKR 20 ",,https://cache3.pakwheels.com/ad_pictures/9403/tn_nissan-dayz-2014-94035771.webp,2014,"73,000 km",Petrol,660 cc,Automatic
Daihatsu Mira  2015 X Memorial Edition for Sale,"

                        PKR 24.5 ",,https://cache4.pakwheels.com/ad_pictures/9404/tn_daihatsu-mira-x-memorial-edition-2015-94043833.webp,2015,"105,000 km",Petrol,660 cc,Automatic
Toyota Corolla  2017 Altis Grande CVT-i 1.8 for Sale,"

                        PKR 42.8 ",,https://cache4.pakwheels.com/ad_pictures/8833/tn_toyota-corolla-altis-1-8-grande-automatic-2017-88336093.webp,2017,"79,500 km",Petrol,1800 cc,Automatic
Mazda Flair  2014  for Sale,"

                        PKR 25.6 ",,https://cache1.pakwheels.com/ad_pictures/9405/tn_mazda-flair-2014-94057278.webp,2014,"140,000 km",Petrol,660 cc,Automatic
Toyota Passo  2020 X S  for Sale,"

                        PKR 40.5 ",,https://cache2.pakwheels.com/ad_pictures/9406/tn_toyota-passo-x-s-2-2020-94060433.webp,2020,"39,000 km",Petrol,1000 cc,Automatic
Toyota Corolla  2017 GLi Automatic 1.3 VVTi for Sale,"

                        PKR 37.5 ",,https://cache4.pakwheels.com/ad_pictures/9114/tn_toyota-corolla-gli-vvti-automatic-2017-91147653.webp,2017,"82,350 km",Petrol,1300 cc,Automatic
Toyota Corolla Axio  2018 Hybrid 1.5 for Sale,"

                        PKR 61 ",8.4/10,https://cache3.pakwheels.com/ad_pictures/9404/tn_toyota-corolla-axio-hybrid-3-2018-94049874.webp,2018,"117,000 km",Hybrid,1500 cc,Automatic
Chevrolet Joy  2012  for Sale,"

                        PKR 8.8 ",,https://cache3.pakwheels.com/ad_pictures/9405/tn_chevrolet-joy-2012-94055587.webp,2012,"1,234 km",Petrol,1000 cc,Manual
Honda Civic  2005 EXi Prosmatec for Sale,"

                        PKR 13.7 ",9.1/10,https://cache4.pakwheels.com/ad_pictures/8187/tn_honda-civic-exi-prosmatic-2005-81877116.webp,2005,"172,000 km",Petrol,1500 cc,Automatic
Suzuki Alto  2022 VX for Sale,"

                        PKR 21.5 ",,https://cache2.pakwheels.com/ad_pictures/9118/tn_suzuki-alto-vx-14-2022-91184637.webp,2022,57 km,Petrol,660 cc,Manual
Hyundai Tucson  2022 AWD A/T Ultimate for Sale,"

                        PKR 85 ",,https://cache4.pakwheels.com/ad_pictures/9409/tn_hyundai-tucson-awd-a-t-ultimate-2022-94096057.webp,2022,"14,500 km",Petrol,2000 cc,Automatic
Honda City 5th Generation 2014 1.3 i-VTEC Prosmatec for Sale,"

                        PKR 27.3 ",,https://cache3.pakwheels.com/ad_pictures/9409/tn_honda-city-i-vtec-prosmatec-2014-94099477.webp,2014,"129,000 km",Petrol,1300 cc,Automatic
Honda City  2022 1.2L CVT for Sale,"

                        PKR 46.5 ",9.7/10,https://cache4.pakwheels.com/ad_pictures/9200/tn_honda-city-1-2l-cvt-2022-92007563.webp,2022,"3,650 km",Petrol,1200 cc,Automatic
Toyota Yaris Hatchback  2021  for Sale,"

                        PKR 47.75 ",,https://cache1.pakwheels.com/ad_pictures/9145/tn_toyota-yaris-hatchback-2021-91457753.webp,2021,"85,000 km",Petrol,1000 cc,Automatic
Toyota Corolla  2020 GLi Automatic 1.3 VVTi for Sale,"

                        PKR 44.65 ",,https://cache1.pakwheels.com/ad_pictures/9413/tn_toyota-corolla-gli-vvti-automatic-2020-94134857.webp,2020,"28,500 km",Petrol,1300 cc,Automatic
Daihatsu Cuore  2004 CL Eco for Sale,"

                        PKR 5 ",,https://cache2.pakwheels.com/ad_pictures/9244/tn_daihatsu-cuore-cl-eco-2004-92443634.webp,2004,"100,000 km",Petrol,800 cc,Manual
Toyota Corolla  2011 GLi 1.3 VVTi for Sale,"

                        PKR 25 ",,https://cache3.pakwheels.com/ad_pictures/9163/tn_toyota-corolla-gli-vvti-2011-91632240.webp,2011,"174,000 km",Petrol,1300 cc,Manual
Suzuki Cultus  2018 VXR for Sale,"

                        PKR 24.5 ",,https://cache2.pakwheels.com/ad_pictures/9413/tn_suzuki-cultus-vxr-2018-94130312.webp,2018,"79,600 km",Petrol,1000 cc,Manual
Toyota Surf  1998 SSR-G 2.7 for Sale,"

                        PKR 31.9 ",,https://cache2.pakwheels.com/ad_pictures/9412/tn_toyota-surf-ssr-g-2-7-1998-94121313.webp,1998,"150,000 km",Petrol,2700 cc,Automatic
Suzuki Ravi  2012 Euro II for Sale,"

                        PKR 6 ",,https://cache3.pakwheels.com/ad_pictures/9411/tn_suzuki-any-model-137-2012-94117824.webp,2012,"2,000 km",Petrol,800 cc,Manual
Suzuki Mehran  2015 VXR Euro II for Sale,"

                        PKR 10.55 ",,https://cache1.pakwheels.com/ad_pictures/9412/tn_suzuki-mehran-vxr-euro-ii-2015-94125293.webp,2015,"70,000 km",Petrol,800 cc,Manual
Suzuki Every  2018  for Sale,"

                        PKR 23.5 ",9.7/10,https://cache2.pakwheels.com/ad_pictures/9239/tn_suzuki-every-2018-92398072.webp,2018,"87,000 km",Petrol,660 cc,Automatic
Suzuki Mehran  2013 VXR Euro II for Sale,"

                        PKR 8.95 ",,https://cache2.pakwheels.com/ad_pictures/9414/tn_suzuki-mehran-vxr-euro-ii-2013-94142301.webp,2013,"66,000 km",Petrol,796 cc,Manual
Honda Civic  2014 VTi Oriel Prosmatec 1.8 i-VTEC for Sale,"

                        PKR 35.5 ",,https://cache3.pakwheels.com/ad_pictures/9395/tn_honda-civic-vti-1-8-i-vtec-oriel-prosmatec-2014-93955730.webp,2014,"71,000 km",Petrol,1800 cc,Automatic
Toyota Prado 90 Series 2001 RZ 3.4 (3-Door) for Sale,"

                        PKR 38.5 ",,https://cache1.pakwheels.com/ad_pictures/9348/tn_toyota-prado-rz-3-4-3-door-2001-93485229.webp,2001,"126,000 km",Petrol,3400 cc,Automatic
Toyota Vitz  2010  for Sale,"

                        PKR 19.5 ",,https://cache1.pakwheels.com/ad_pictures/9415/tn_toyota-vitz-2010-94151326.webp,2010,"125,000 km",Petrol,1000 cc,Automatic
Toyota Corolla  2015 Altis Grande CVT-i 1.8 for Sale,"

                        PKR 39.75 ",,https://cache1.pakwheels.com/ad_pictures/9415/tn_toyota-corolla-altis-1-8-grande-automatic-2015-94156485.webp,2015,"156,000 km",Petrol,1798 cc,Automatic
Peugeot 2008  2022 Allure for Sale,"

                        PKR 71 ",,https://cache2.pakwheels.com/ad_pictures/8791/tn_peugeot-2008-allure-2022-87918446.webp,2022,500 km,Petrol,1200 cc,Automatic
Nissan Dayz  2015 Bolero S for Sale,"

                        PKR 25 ",9.5/10,https://cache4.pakwheels.com/ad_pictures/9415/tn_nissan-dayz-bolero-s-2015-94159071.webp,2015,"85,000 km",Petrol,660 cc,Automatic
Suzuki Mehran  2007 VX for Sale,"

                        PKR 5.5 ",,https://cache1.pakwheels.com/ad_pictures/9416/tn_suzuki-mehran-vx-2-2007-94167549.webp,2007,1 km,Petrol,800 cc,Manual
Toyota Fortuner  2020 2.8 Sigma 4 for Sale,"

                        PKR 1.55 ",,https://cache4.pakwheels.com/ad_pictures/9418/tn_toyota-fortuner-2-8-sigma-2020-94180231.webp,2020,"45,000 km",Diesel,2800 cc,Automatic
Toyota Corolla  2010 Altis Cruisetronic 1.8 for Sale,"

                        PKR 24 ",,https://cache4.pakwheels.com/ad_pictures/9419/tn_toyota-corolla-1-8-cruisetronic-2010-94192551.webp,2010,"141,866 km",Petrol,1800 cc,Automatic
Toyota Corolla Axio  2015 X 1.5 for Sale,"

                        PKR 48.75 ",,https://cache3.pakwheels.com/ad_pictures/8412/tn_toyota-corolla-axio-1-5-x-2015-84124907.webp,2015,"130,000 km",Petrol,1500 cc,Automatic
Toyota Corolla  2016 GLi Automatic 1.3 VVTi for Sale,"

                        PKR 42 ",,https://cache2.pakwheels.com/ad_pictures/9418/tn_toyota-corolla-gli-vvti-automatic-2016-94183471.webp,2016,"56,000 km",Petrol,1300 cc,Automatic
Honda Civic Reborn 2007 VTi Oriel Prosmatec 1.8 i-VTEC for Sale,"

                        PKR 21 ",,https://cache4.pakwheels.com/ad_pictures/9418/tn_honda-civic-vti-1-8-i-vtec-oriel-prosmatec-2007-94188560.webp,2007,"70,000 km",Petrol,1800 cc,Automatic
Honda Civic EK 1997 VTi Automatic 1.6 for Sale,"

                        PKR 8.6 ",,https://cache4.pakwheels.com/ad_pictures/9417/tn_honda-civic-vti-automatic-1997-94171248.webp,1997,"1,234 km",Petrol,1600 cc,Automatic
Toyota Passo  2020 X S  for Sale,"

                        PKR 41.5 ",,https://cache3.pakwheels.com/ad_pictures/9369/tn_toyota-passo-x-s-2-2020-93695499.webp,2020,"44,000 km",Petrol,1000 cc,Automatic
Suzuki Cultus  2015 EURO II for Sale,"

                        PKR 12.9 ",9.8/10,https://cache3.pakwheels.com/ad_pictures/9379/tn_suzuki-cultus-vxri-euro-ii-2015-93792145.webp,2015,"67,000 km",Petrol,1000 cc,Manual
Suzuki Cultus  2018 Auto Gear Shift for Sale,"

                        PKR 26.9 ",,https://cache2.pakwheels.com/ad_pictures/9420/tn_suzuki-cultus-auto-gear-shift-vxl-2018-94202753.webp,2018,"44,260 km",Petrol,1000 cc,Automatic
Suzuki Xbee  2020 MX for Sale,"

                        PKR 50.5 ",9.9/10,https://cache2.pakwheels.com/ad_pictures/9420/tn_suzuki-xbee-mx-4-2020-94207793.webp,2020,"41,000 km",Hybrid,1000 cc,Automatic
Nissan Dayz  2015  for Sale,"

                        PKR 23 ",,https://cache2.pakwheels.com/ad_pictures/9420/tn_nissan-dayz-2015-94209826.webp,2015,"108,000 km",Petrol,0.0 kWh,Automatic
Suzuki Cultus  2013 EURO II for Sale,"

                        PKR 13.5 ",,https://cache4.pakwheels.com/ad_pictures/9421/tn_suzuki-cultus-vxri-euro-ii-2013-94215416.webp,2013,"68,000 km",Petrol,1000 cc,Manual
Toyota Corolla  2010 GLi 1.3 VVTi for Sale,"

                        PKR 20.5 ",,https://cache2.pakwheels.com/ad_pictures/9421/tn_toyota-corolla-gli-vvti-2010-94219931.webp,2010,"121,000 km",Petrol,1300 cc,Manual
Toyota Corolla  2021 Altis Grande X CVT-i 1.8 Black Interior for Sale,"

                        PKR 63.5 ",,https://cache4.pakwheels.com/ad_pictures/9422/tn_toyota-corolla-altis-grande-x-cvt-i-1-8-black-interior-2021-94224738.webp,2021,"19,000 km",Petrol,1800 cc,Automatic
Honda Accord  2004 CL7 for Sale,"

                        PKR 24.5 ",,https://cache4.pakwheels.com/ad_pictures/9422/tn_honda-accord-cl7-2004-94227697.webp,2004,"106,500 km",Petrol,2000 cc,Automatic
Suzuki Bolan  2013 VX Euro II for Sale,"

                        PKR 8 ",7.5/10,https://cache1.pakwheels.com/ad_pictures/9423/tn_suzuki-bolan-vx-euro-ii-2-2013-94231698.webp,2013,"17,000 km",Petrol,800 cc,Manual
Toyota Hilux  2017 Revo V Automatic 3.0  for Sale,"

                        PKR 88 ",9.9/10,https://cache2.pakwheels.com/ad_pictures/9423/tn_adam-revo-2017-94236978.webp,2017,"68,000 km",Diesel,3000 cc,Automatic
Toyota Fortuner  2017 2.7 VVTi for Sale,"

                        PKR 1 ",,https://cache2.pakwheels.com/ad_pictures/9424/tn_toyota-fortuner-2-7-automatic-2017-94247027.webp,2017,"64,000 km",Petrol,2700 cc,Automatic
Toyota Harrier  2003 Elegance for Sale,"

                        PKR 33.5 ",,https://cache1.pakwheels.com/ad_pictures/9424/tn_toyota-harrier-elegance-2003-94242922.webp,2003,"71,000 km",Petrol,3000 cc,Automatic
Suzuki Wagon R  2022 VXL for Sale,"

                        PKR 28.4 ",,https://cache1.pakwheels.com/ad_pictures/9154/tn_suzuki-wagon-r-vxl-2022-91549437.webp,2022,"12,000 km",Petrol,1000 cc,Manual
Toyota Belta  2009 X S Package 1.0 for Sale,"

                        PKR 23.5 ",10/10,https://cache4.pakwheels.com/ad_pictures/9425/tn_toyota-belta-x-s-package-1-0-2009-94250902.webp,2009,"80,000 km",Petrol,1000 cc,Automatic
Chevrolet Joy  2007 1.0 for Sale,"

                        PKR 8 ",,https://cache2.pakwheels.com/ad_pictures/9424/tn_chevrolet-joy-1-0-2007-94246603.webp,2007,"64,000 km",Petrol,1000 cc,Manual
Honda Insight  2020 EX for Sale,"

                        PKR 1.25 ",,https://cache2.pakwheels.com/ad_pictures/9425/tn_honda-insight-ex-5-2020-94257763.webp,2020,"36,000 km",Hybrid,1500 cc,Automatic
Toyota Prius  2020 S for Sale,"

                        PKR 86.5 ",,https://cache1.pakwheels.com/ad_pictures/9427/tn_toyota-prius-s-28-2020-94277351.webp,2020,"113,000 km",Hybrid,1800 cc,Automatic
Honda Civic  2023 Oriel for Sale,"

                        PKR 93 ",9.5/10,https://cache1.pakwheels.com/ad_pictures/9287/tn_honda-civic-oriel-2023-92874613.webp,2023,15 km,Petrol,1500 cc,Automatic
Toyota Corolla  2017 Altis Automatic 1.6 for Sale,"

                        PKR 37.5 ",,https://cache3.pakwheels.com/ad_pictures/9422/tn_toyota-corolla-altis-1-6-automatic-2017-94229592.webp,2017,"75,000 km",Petrol,1600 cc,Automatic
Toyota Fortuner  2022 2.7 VVTi for Sale,"

                        PKR 1.29 ",8.5/10,https://cache4.pakwheels.com/ad_pictures/9426/tn_toyota-fortuner-2-7-automatic-2022-94268356.webp,2022,"7,000 km",Petrol,2700 cc,Automatic
Suzuki Cultus  2007 VXLi (CNG) for Sale,"

                        PKR 12.75 ",,https://cache3.pakwheels.com/ad_pictures/9427/tn_suzuki-cultus-vxli-cng-2007-94272536.webp,2007,"25,000 km",Petrol,1000 cc,Manual
Honda BR-V  2021 i-VTEC S for Sale,"

                        PKR 51 ",,https://cache2.pakwheels.com/ad_pictures/9427/tn_honda-br-v-i-vtec-s-2021-94274634.webp,2021,"18,500 km",Petrol,1500 cc,Automatic
Toyota Corolla  2020 Altis Grande CVT-i 1.8 for Sale,"

                        PKR 55 ",,https://cache3.pakwheels.com/ad_pictures/9366/tn_toyota-corolla-altis-1-8-grande-automatic-2020-93667938.webp,2020,"50,000 km",Petrol,1798 cc,Automatic
Toyota Passo  2013 X L Package for Sale,"

                        PKR 24.5 ",,https://cache2.pakwheels.com/ad_pictures/9428/tn_toyota-passo-x-l-package-2013-94281933.webp,2013,"100,000 km",Petrol,1000 cc,Automatic
Suzuki Alto  2021 VXR for Sale,"

                        PKR 23.9 ",,https://cache2.pakwheels.com/ad_pictures/9429/tn_suzuki-alto-vxr-2-2021-94290996.webp,2021,"13,000 km",Petrol,660 cc,Manual
Toyota C-HR  2018 G-LED for Sale,"

                        PKR 84 ",,https://cache3.pakwheels.com/ad_pictures/9492/tn_toyota-c-hr-g-led-2018-94929149.webp,2018,"53,000 km",Hybrid,1800 cc,Automatic
KIA Picanto  2022 1.0 AT for Sale,"

                        PKR 31.5 ",,https://cache3.pakwheels.com/ad_pictures/9430/tn_kia-picanto-1-0-at-2022-94309075.webp,2022,"6,100 km",Petrol,1000 cc,Automatic
Honda Grace Hybrid 6th Generation 2015 EX for Sale,"

                        PKR 43.75 ",,https://cache3.pakwheels.com/ad_pictures/9395/tn_honda-grace-2-ex-2-2015-93951250.webp,2015,"107,000 km",Petrol,1500 cc,Automatic
Honda Vezel  2018 Hybrid Z Honda Sensing  for Sale,"

                        PKR 84.5 ",,https://cache4.pakwheels.com/ad_pictures/9427/tn_honda-vezel-hybrid-z-honda-sensing-2018-94279743.webp,2018,"63,000 km",Petrol,1500 cc,Automatic
Toyota Vitz  2017 F Safety Edition III for Sale,"

                        PKR 39.5 ",,https://cache4.pakwheels.com/ad_pictures/9430/tn_toyota-vitz-f-safety-edition-iii-2017-94301049.webp,2017,"83,000 km",Petrol,1300 cc,Automatic
Toyota Tacoma  2016 TRD Sport for Sale,"

                        PKR 1.55 ",7.9/10,https://cache4.pakwheels.com/ad_pictures/9430/tn_toyota-tacoma-trd-sport-2016-94306521.webp,2016,"70,000 km",Petrol,3500 cc,Automatic
Honda City  2005 i-DSI Vario for Sale,"

                        PKR 16.25 ",,https://cache2.pakwheels.com/ad_pictures/9431/tn_honda-city-i-dsi-vario-2005-94311151.webp,2005,"119,500 km",Petrol,1300 cc,Automatic
KIA Sorento  2022 2.4 FWD for Sale,"

                        PKR 85 ",,https://cache4.pakwheels.com/ad_pictures/9431/tn_kia-sorento-2-4-fwd-2022-94315631.webp,2022,"10,000 km",Petrol,2359 cc,Automatic
Honda Vezel  2015 Hybrid Z for Sale,"

                        PKR 50 ",,https://cache4.pakwheels.com/ad_pictures/9031/tn_honda-vezel-hybrid-z-2015-90311115.webp,2015,"78,000 km",Hybrid,1500 cc,Automatic
Mercedes Benz C Class  2019 C180 Exclusive for Sale,"

                        PKR 1.69 ",9.4/10,https://cache4.pakwheels.com/ad_pictures/9432/tn_mercedes-benz-c-class-c180-exclusive-2019-94322214.webp,2019,"14,000 km",Petrol,1500 cc,Automatic
Suzuki Cultus  2016 EURO II for Sale,"

                        PKR 16.5 ",,https://img.youtube.com/vi/sNYvEygRuoQ/sddefault.jpg,2016,"68,000 km",Petrol,1000 cc,Manual
MG HS  2021 1.5 Turbo for Sale,"

                        PKR 71 ",9.9/10,https://cache3.pakwheels.com/ad_pictures/9432/tn_mg-hs-2-1-5-turbo-2021-94329828.webp,2021,"10,000 km",Petrol,1490 cc,Automatic
Suzuki Wagon R  2018 VXR for Sale,"

                        PKR 19 ",,https://cache2.pakwheels.com/ad_pictures/9257/tn_suzuki-wagon-r-vxr-2018-92579253.webp,2018,"76,000 km",Petrol,1000 cc,Manual
Toyota Prado  2020  for Sale,"

                        PKR 3.55 ",,https://cache2.pakwheels.com/ad_pictures/9433/tn_toyota-prado-2020-94334781.webp,2020,"19,134 km",Petrol,2700 cc,Automatic
Honda City 5th Generation 2016 1.3 i-VTEC for Sale,"

                        PKR 29.5 ",9.5/10,https://cache4.pakwheels.com/ad_pictures/9433/tn_honda-city-i-vtec-2-2016-94339579.webp,2016,"32,000 km",Petrol,1300 cc,Manual
Toyota Vitz  2014 F 1.0 for Sale,"

                        PKR 27.5 ",,https://cache4.pakwheels.com/ad_pictures/9434/tn_toyota-vitz-1-0-f-2014-v-1-94344447.webp,2014,"86,000 km",Petrol,1000 cc,Automatic
Toyota Vitz  2019 F Safety 1.0 for Sale,"

                        PKR 42.5 ",9.1/10,https://cache4.pakwheels.com/ad_pictures/9434/tn_toyota-vitz-f-safety-1-0-2019-94346935.webp,2019,"10,000 km",Petrol,996 cc,Automatic
Honda City 6th Generation 2022 1.2L CVT for Sale,"

                        PKR 43.5 ",,https://cache1.pakwheels.com/ad_pictures/9435/tn_honda-city-1-2l-cvt-2022-94350092.webp,2022,"33,000 km",Petrol,1200 cc,Automatic
Toyota Corolla  2016 Altis Grande CVT-i 1.8 for Sale,"

                        PKR 44.5 ",,https://cache1.pakwheels.com/ad_pictures/9435/tn_toyota-corolla-altis-1-8-grande-automatic-2016-94355936.webp,2016,"55,000 km",Petrol,1800 cc,Automatic
Toyota Hilux  2021 Revo V Automatic 2.8 for Sale,"

                        PKR 1.2 ",,https://cache1.pakwheels.com/ad_pictures/9436/tn_toyota-hilux-revo-v-automatic-2-8-2021-94363436.webp,2021,"45,606 km",Diesel,2800 cc,Automatic
Daihatsu Mira  2020  for Sale,"

                        PKR 37 ",9.9/10,https://cache2.pakwheels.com/ad_pictures/8873/tn_daihatsu-mira-2020-88734892.webp,2020,"22,240 km",Petrol,660 cc,Automatic
Toyota Corolla  2021 Altis Grande X CVT-i 1.8 Beige Interior for Sale,"

                        PKR 63 ",7.7/10,https://cache1.pakwheels.com/ad_pictures/9436/tn_toyota-corolla-altis-grande-x-cvt-i-1-8-beige-2021-94360507.webp,2021,"26,000 km",Petrol,1800 cc,Automatic
Toyota Corolla  2022 Altis X Automatic 1.6 Special Edition for Sale,"

                        PKR 63.8 ",9.5/10,https://cache2.pakwheels.com/ad_pictures/9175/tn_toyota-corolla-altis-x-automatic-1-6-special-edition-2022-91758277.webp,2022,"19,000 km",Petrol,1598 cc,Automatic
Honda City  2017 1.5 i-VTEC Prosmatec for Sale,"

                        PKR 32.25 ",,https://cache1.pakwheels.com/ad_pictures/9437/tn_honda-city-1-5-i-vtec-prosmatec-2017-94375001.webp,2017,"51,000 km",Petrol,1500 cc,Automatic
Suzuki Swift  2018 DLX Automatic 1.3 Navigation for Sale,"

                        PKR 25.5 ",,https://cache2.pakwheels.com/ad_pictures/9438/tn_suzuki-swift-dlx-automatic-1-3-navigation-2018-94380890.webp,2018,"83,000 km",Petrol,1300 cc,Automatic
Honda City 5th Generation 2015 1.3 i-VTEC for Sale,"

                        PKR 27.4 ",,https://cache4.pakwheels.com/ad_pictures/9438/tn_honda-city-i-vtec-2-2015-94384411.webp,2015,"118,000 km",Petrol,1300 cc,Manual
Nissan Dayz  2019  for Sale,"

                        PKR 38 ",,https://cache2.pakwheels.com/ad_pictures/9437/tn_nissan-dayz-2019-94371124.webp,2019,"32,000 km",Petrol,660 cc,Automatic
Honda Fit  2015 Shuttle Hybrid for Sale,"

                        PKR 41.5 ",,https://cache3.pakwheels.com/ad_pictures/9417/tn_honda-fit-shuttle-hybrid-2015-94173354.webp,2015,"79,000 km",Hybrid,1500 cc,Automatic
Honda City  2017 1.3 i-VTEC Prosmatec for Sale,"

                        PKR 33.5 ",,https://cache2.pakwheels.com/ad_pictures/9439/tn_honda-city-i-vtec-prosmatec-2017-94391684.webp,2017,"45,700 km",Petrol,1300 cc,Automatic
Toyota Vitz  2012 F Intelligent Package 1.0 for Sale,"

                        PKR 22.99 ",,https://cache3.pakwheels.com/ad_pictures/9119/tn_toyota-vitz-f-intelligent-package-2012-91196525.webp,2012,"85,000 km",Petrol,1000 cc,Automatic
Suzuki Alto  2020 L for Sale,"

                        PKR 33 ",,https://cache4.pakwheels.com/ad_pictures/9436/tn_suzuki-alto-l-27-2020-94362022.webp,2020,"67,000 km",Petrol,660 cc,Automatic
Suzuki Alto  2007 VXR for Sale,"

                        PKR 4 ",,https://cache2.pakwheels.com/ad_pictures/9439/tn_suzuki-alto-vxr-2-2007-94398389.webp,2007,1 km,Petrol,1000 cc,Manual
Hyundai Santro  2005 Club for Sale,"

                        PKR 7.25 ",,https://cache2.pakwheels.com/ad_pictures/9441/tn_hyundai-santro-club-2-2005-94418164.webp,2005,"106,245 km",Petrol,1000 cc,Manual
Honda City  2022 1.5L ASPIRE CVT for Sale,"

                        PKR 52 ",,https://cache4.pakwheels.com/ad_pictures/9440/tn_honda-city-1-5l-aspire-cvt-2022-94401994.webp,2022,"2,000 km",Petrol,1500 cc,Automatic
Toyota Prado  2013 TZ 4.0 for Sale,"

                        PKR 1.99 ",9.5/10,https://cache3.pakwheels.com/ad_pictures/8973/tn_toyota-prado-tz-2-2013-89736640.webp,2013,"65,000 km",Petrol,4000 cc,Automatic
Suzuki Mehran  2013 VXR Euro II for Sale,"

                        PKR 7.9 ",,https://cache2.pakwheels.com/ad_pictures/9441/tn_suzuki-mehran-vxr-euro-ii-2013-94410265.webp,2013,"73,000 km",Petrol,800 cc,Manual
Daihatsu Hijet  2010  for Sale,"

                        PKR 13.2 ",,https://cache3.pakwheels.com/ad_pictures/9442/tn_daihatsu-hijet-van-2010-94421999.webp,2010,"176,000 km",Petrol,660 cc,Automatic
Toyota Passo  2020 X L Package for Sale,"

                        PKR 42.75 ",,https://cache1.pakwheels.com/ad_pictures/9440/tn_toyota-passo-x-l-package-2020-94407578.webp,2020,"15,500 km",Petrol,1000 cc,Automatic
Suzuki Every 11th Generation (JDM) 2010 Join for Sale,"

                        PKR 12.75 ",,https://cache1.pakwheels.com/ad_pictures/9312/tn_suzuki-every-join-2-2010-93127197.webp,2010,"145,000 km",Petrol,660 cc,Automatic
Nissan Dayz  2017  for Sale,"

                        PKR 24.5 ",,https://cache2.pakwheels.com/ad_pictures/8971/tn_nissan-dayz-2017-89718126.webp,2017,"78,000 km",Petrol,660 cc,Automatic
Nissan Note  2022 e-Power Aura for Sale,"

                        PKR 85 ",,https://cache3.pakwheels.com/ad_pictures/9443/tn_nissan-note-2022-94434907.webp,2022,"25,500 km",Hybrid,1198 cc,Automatic
Honda Civic  2013 VTi Oriel Prosmatec 1.8 i-VTEC for Sale,"

                        PKR 31.75 ",,https://cache1.pakwheels.com/ad_pictures/9444/tn_honda-civic-vti-1-8-i-vtec-oriel-prosmatec-2013-94446350.webp,2013,"92,000 km",Petrol,1800 cc,Automatic
Range Rover Vogue  2018 P400e for Sale,"

                        PKR 5.75 ",,https://cache1.pakwheels.com/ad_pictures/8774/tn_range-rover-vogue-p400e-2-2018-87748044.webp,2018,"35,000 km",Petrol,1997 cc,Automatic
Daihatsu Move  2013 L for Sale,"

                        PKR 18.5 ",,https://cache1.pakwheels.com/ad_pictures/9444/tn_daihatsu-move-l-6-2013-94449434.webp,2013,"90,000 km",Petrol,660 cc,Automatic
Daihatsu Hijet  2017  for Sale,"

                        PKR 20.5 ",,https://cache2.pakwheels.com/ad_pictures/9443/tn_daihatsu-hijet-van-2017-94439358.webp,2017,"120,242 km",Petrol,660 cc,Automatic
Daihatsu Cuore  2011 CX Eco for Sale,"

                        PKR 9.65 ",,https://cache3.pakwheels.com/ad_pictures/9441/tn_daihatsu-cuore-coure-cx-2011-94415178.webp,2011,"86,300 km",Petrol,800 cc,Manual
Honda Civic  2005 EXi Prosmatec for Sale,"

                        PKR 14.85 ",,https://cache4.pakwheels.com/ad_pictures/9443/tn_honda-civic-exi-prosmatic-2005-94432286.webp,2005,"125,000 km",Petrol,1500 cc,Automatic
Toyota Prius  2014 G Touring Selection 1.8 for Sale,"

                        PKR 52 ",7.6/10,https://cache4.pakwheels.com/ad_pictures/9445/tn_toyota-prius-1-8g-touring-selection-2014-94454522.webp,2014,"170,000 km",Petrol,1800 cc,Automatic
Daihatsu Cuore  2005 CX Eco for Sale,"

                        PKR 6 ",,https://cache4.pakwheels.com/ad_pictures/9445/tn_daihatsu-cuore-coure-cx-2005-94459187.webp,2005,"80,000 km",Petrol,800 cc,Manual
Toyota Surf  1996 SSR-G 3.0D for Sale,"

                        PKR 34.9 ",,https://cache3.pakwheels.com/ad_pictures/9445/tn_toyota-surf-ssr-g-3-0d-1996-94456565.webp,1996,"172,000 km",Diesel,3000 cc,Automatic
Toyota Corolla  2022 Altis Grande X CVT-i 1.8 Beige Interior for Sale,"

                        PKR 69 ",,https://cache1.pakwheels.com/ad_pictures/9463/tn_toyota-corolla-altis-grande-x-cvt-i-1-8-beige-2022-94634850.webp,2022,"10,000 km",Petrol,1800 cc,Automatic
Daihatsu Terios Kid  2009  for Sale,"

                        PKR 21.5 ",,https://cache4.pakwheels.com/ad_pictures/9447/tn_daihatsu-terios-kid-2009-94470283.webp,2009,"67,000 km",Petrol,660 cc,Automatic
Toyota Passo  2011 X G Package for Sale,"

                        PKR 21 ",,https://cache4.pakwheels.com/ad_pictures/9447/tn_toyota-passo-x-g-package-2011-94473478.webp,2011,"80,500 km",Petrol,1000 cc,Automatic
Suzuki Margalla  1994 GL for Sale,"

                        PKR 4.5 ",,https://cache3.pakwheels.com/ad_pictures/9447/tn_suzuki-margalla-gl-5-1994-94475812.webp,1994,"80,000 km",Petrol,1300 cc,Manual
Proton X70  2021 Premium FWD for Sale,"

                        PKR 64.5 ",,https://cache1.pakwheels.com/ad_pictures/9446/tn_proton-x70-premium-fwd-2021-94463880.webp,2021,"95,000 km",Petrol,1500 cc,Automatic
Suzuki Swift  2016 DLX Automatic 1.3 for Sale,"

                        PKR 21 ",9.6/10,https://cache1.pakwheels.com/ad_pictures/9448/tn_suzuki-swift-2016-94489353.webp,2016,"140,000 km",Petrol,1300 cc,Automatic
Suzuki Alto  2023 VXL AGS for Sale,"

                        PKR 30 ",,https://cache4.pakwheels.com/ad_pictures/9450/tn_suzuki-alto-vxl-2-2023-94501667.webp,2023,"7,600 km",Petrol,660 cc,Automatic
Suzuki Alto  2011 VXR (CNG) for Sale,"

                        PKR 8.85 ",,https://cache3.pakwheels.com/ad_pictures/9447/tn_suzuki-alto-vxr-cng-2011-94479227.webp,2011,"72,650 km",Petrol,1000 cc,Manual
Suzuki Mehran  2005 VX for Sale,"

                        PKR 2.6 ",,https://cache4.pakwheels.com/ad_pictures/9448/tn_suzuki-mehran-vx-2-2005-94486558.webp,2005,"50,000 km",Petrol,800 cc,Manual
Toyota Land Cruiser  2018 ZX for Sale,"

                        PKR 4.8 ",,https://cache1.pakwheels.com/ad_pictures/9263/tn_toyota-land-cruiser-zx-2-2018-92637155.webp,2018,"70,000 km",Petrol,4600 cc,Automatic
Honda Civic  2015 VTi Oriel Prosmatec 1.8 i-VTEC for Sale,"

                        PKR 34 ",,https://cache4.pakwheels.com/ad_pictures/9450/tn_honda-civic-vti-1-8-i-vtec-oriel-prosmatec-2015-94505721.webp,2015,"80,000 km",Petrol,1800 cc,Automatic
Honda City  2018 1.3 i-VTEC Prosmatec for Sale,"

                        PKR 33 ",,https://cache4.pakwheels.com/ad_pictures/9449/tn_honda-city-i-vtec-prosmatec-2018-94491457.webp,2018,"56,100 km",Petrol,1300 cc,Automatic
Daihatsu Mira  2015 X Limited for Sale,"

                        PKR 26 ",,https://cache4.pakwheels.com/ad_pictures/9188/tn_daihatsu-mira-x-limited-3-2015-91885967.webp,2015,"86,500 km",Petrol,660 cc,Automatic
Nissan Dayz  2015 Highway star X for Sale,"

                        PKR 22.5 ",,https://cache1.pakwheels.com/ad_pictures/9451/tn_nissan-dayz-highway-star-x-2015-94511368.webp,2015,"88,000 km",Petrol,659 cc,Automatic
Toyota Yaris Hatchback  2020  for Sale,"

                        PKR 57.5 ",,https://cache2.pakwheels.com/ad_pictures/9444/tn_toyota-yaris-hatchback-2020-94441755.webp,2020,"13,585 km",Petrol,1000 cc,Automatic
Daihatsu Charade  1986 CX for Sale,"

                        PKR 5 ",,https://cache1.pakwheels.com/ad_pictures/8572/tn_daihatsu-charade-cx-2-1986-85729643.webp,1986,"148,000 km",Petrol,1000 cc,Manual
Suzuki Alto  2010 VXR (CNG) for Sale,"

                        PKR 7.7 ",,https://cache3.pakwheels.com/ad_pictures/9452/tn_suzuki-alto-vxr-cng-2010-94520794.webp,2010,"100,000 km",Petrol,1000 cc,Manual
Changan Alsvin  2022 1.5L DCT Lumiere for Sale,"

                        PKR 40.5 ",,https://cache4.pakwheels.com/ad_pictures/9452/tn_changan-alsvin-1-5l-dct-lumiere-2022-94524248.webp,2022,"10,000 km",Petrol,1500 cc,Automatic
Suzuki Wagon R  2019 VXR for Sale,"

                        PKR 22.3 ",,https://cache3.pakwheels.com/ad_pictures/9047/tn_suzuki-wagon-r-vxr-2019-90473050.webp,2019,"46,100 km",Petrol,1000 cc,Manual
Toyota Vitz  2015  for Sale,"

                        PKR 30.5 ",,https://cache4.pakwheels.com/ad_pictures/9452/tn_toyota-vitz-2015-94527647.webp,2015,"88,000 km",Petrol,1000 cc,Automatic
Suzuki Alto  2007 VXR for Sale,"

                        PKR 8 ",9.4/10,https://cache4.pakwheels.com/ad_pictures/9452/tn_suzuki-alto-vxr-2-2007-94528900.webp,2007,"97,000 km",Petrol,1000 cc,Manual
Nissan Caravan  2019 NV350 urvan for Sale,"

                        PKR 64 ",,https://img.youtube.com/vi/TU3UfiWiCNo/sddefault.jpg,2019,"65,000 km",Petrol,2500 cc,Automatic
Toyota Land Cruiser  2013 AX for Sale,"

                        PKR 2.4 ",,https://cache3.pakwheels.com/ad_pictures/9453/tn_toyota-land-cruiser-ax-2-2013-94537064.webp,2013,"46,000 km",Petrol,4600 cc,Automatic
Toyota Prius  2012  for Sale,"

                        PKR 40 ",,https://cache2.pakwheels.com/ad_pictures/9454/tn_toyota-prius-2012-94540853.webp,2012,"135,000 km",Petrol,1800 cc,Automatic
Daihatsu Cuore  2009 CX for Sale,"

                        PKR 10.5 ",,https://cache1.pakwheels.com/ad_pictures/9454/tn_daihatsu-cuore-cx-2-2009-94545510.webp,2009,"82,500 km",Petrol,800 cc,Manual
Honda City 6th Generation 2022 1.2L CVT for Sale,"

                        PKR 45 ",,https://cache4.pakwheels.com/ad_pictures/9455/tn_honda-city-1-2l-cvt-2022-94552877.webp,2022,"7,800 km",Petrol,1200 cc,Automatic
Suzuki Khyber  1998  for Sale,"

                        PKR 4.15 ",7.3/10,https://cache1.pakwheels.com/ad_pictures/9447/tn_suzuki-khyber-1998-94471989.webp,1998,"65,000 km",Petrol,1000 cc,Manual
Suzuki Wagon R  2018 VXL for Sale,"

                        PKR 21.5 ",,https://cache2.pakwheels.com/ad_pictures/9455/tn_suzuki-wagon-r-vxl-2018-94550809.webp,2018,"35,000 km",Petrol,1000 cc,Manual
KIA Picanto  2020 1.0 AT for Sale,"

                        PKR 32 ",,https://cache3.pakwheels.com/ad_pictures/9418/tn_kia-picanto-1-0-at-2020-94186982.webp,2020,"7,500 km",Petrol,998 cc,Automatic
Suzuki Alto  2020 VXR for Sale,"

                        PKR 21.75 ",,https://cache1.pakwheels.com/ad_pictures/8434/tn_suzuki-alto-vxr-2-2020-84341294.webp,2020,"43,000 km",Petrol,660 cc,Manual
Toyota Corolla  2019 Altis X Automatic 1.6 for Sale,"

                        PKR 47 ",8.8/10,https://cache1.pakwheels.com/ad_pictures/9453/tn_honda-city-exis-2002-94531881.webp,2019,"66,475 km",Petrol,1600 cc,Automatic
Daihatsu Mira  2017 X Limited for Sale,"

                        PKR 29 ",,https://cache3.pakwheels.com/ad_pictures/9456/tn_daihatsu-mira-x-limited-3-2017-94561405.webp,2017,"38,840 km",Petrol,660 cc,Automatic
Honda Civic  2021 Oriel 1.8 i-VTEC CVT for Sale,"

                        PKR 65.5 ",,https://cache2.pakwheels.com/ad_pictures/9456/tn_honda-civic-oriel-1-8-i-vtec-cvt-2021-94566139.webp,2021,"17,300 km",Petrol,1800 cc,Automatic
Toyota Vitz  2019 F Safety Edition III for Sale,"

                        PKR 44.5 ",8.8/10,https://cache1.pakwheels.com/ad_pictures/8997/tn_toyota-vitz-f-safety-edition-iii-2019-89972406.webp,2019,"61,000 km",Petrol,1300 cc,Automatic
Toyota Fortuner  2018 2.7 VVTi for Sale,"

                        PKR 1.12 ",,https://cache1.pakwheels.com/ad_pictures/9427/tn_toyota-fortuner-2-7-automatic-2018-94276250.webp,2018,"19,000 km",Petrol,2700 cc,Automatic
KIA Sorento  2021 3.5 FWD for Sale,"

                        PKR 75 ",,https://cache2.pakwheels.com/ad_pictures/9457/tn_kia-sorento-3-5-fwd-2021-94573477.webp,2021,"68,000 km",Petrol,3479 cc,Automatic
Toyota Corolla  2015 GLi Automatic 1.3 VVTi for Sale,"

                        PKR 33 ",,https://cache1.pakwheels.com/ad_pictures/8925/tn_toyota-corolla-gli-vvti-automatic-2015-89257071.webp,2015,"77,000 km",Petrol,1300 cc,Automatic
Honda Civic  2008 VTi Oriel Prosmatec 1.8 i-VTEC for Sale,"

                        PKR 21.95 ",,https://cache2.pakwheels.com/ad_pictures/9340/tn_honda-civic-vti-1-8-i-vtec-oriel-prosmatec-2008-93404786.webp,2008,"114,000 km",Petrol,1800 cc,Automatic
Toyota Prado 120 Series 2010 GX for Sale,"

                        PKR 1.52 ",9.7/10,https://cache3.pakwheels.com/ad_pictures/9458/tn_toyota-prado-gx-4-2010-94582276.webp,2010,"119,000 km",Petrol,3000 cc,Automatic
Toyota Prado  2011  for Sale,"

                        PKR 1.68 ",8.3/10,https://cache3.pakwheels.com/ad_pictures/9189/tn_toyota-prado-2011-91891787.webp,2011,"87,465 km",Petrol,2700 cc,Automatic
Toyota Passo  2017 X S  for Sale,"

                        PKR 33 ",,https://cache2.pakwheels.com/ad_pictures/9418/tn_toyota-passo-x-s-2-2017-94186162.webp,2017,"127,000 km",Petrol,1000 cc,Automatic
Honda Civic  2017 1.8 i-VTEC CVT for Sale,"

                        PKR 40 ",,https://cache3.pakwheels.com/ad_pictures/8692/tn_honda-civic-1-8-i-vtec-cvt-2017-86923440.webp,2017,"62,000 km",Petrol,1800 cc,Automatic
Suzuki Alto  2020  for Sale,"

                        PKR 21.55 ",,https://cache3.pakwheels.com/ad_pictures/9459/tn_suzuki-alto-2020-94593653.webp,2020,"52,000 km",Petrol,660 cc,Manual
Honda City 5th Generation 2012 1.3 i-VTEC Prosmatec for Sale,"

                        PKR 27 ",,https://cache4.pakwheels.com/ad_pictures/9459/tn_honda-city-i-vtec-prosmatec-2012-94598260.webp,2012,"110,000 km",Petrol,1300 cc,Automatic
Suzuki Alto  2003 VXR (CNG) for Sale,"

                        PKR 5.5 ",,https://cache3.pakwheels.com/ad_pictures/9460/tn_suzuki-alto-vxr-cng-2003-94600788.webp,2003,"200,000 km",Petrol,1000 cc,Manual
Honda Civic Eagle Eye 2005 VTi Oriel 1.6 for Sale,"

                        PKR 16.25 ",,https://cache4.pakwheels.com/ad_pictures/9460/tn_honda-civic-vti-oriel-2-2005-94603774.webp,2005,"145,000 km",Petrol,1600 cc,Manual
Toyota Hilux  2017 Revo V Automatic 3.0  for Sale,"

                        PKR 90 ",8.5/10,https://cache2.pakwheels.com/ad_pictures/8966/tn_toyota-hilux-revo-v-automatic-3-0-2017-89668425.webp,2017,"64,000 km",Diesel,3000 cc,Automatic
Honda BR-V  2021 i-VTEC S for Sale,"

                        PKR 54.5 ",,https://cache1.pakwheels.com/ad_pictures/9315/tn_honda-br-v-i-vtec-s-2021-93158741.webp,2021,"40,000 km",Petrol,1500 cc,Automatic
Toyota Fortuner  2014 2.7 VVTi for Sale,"

                        PKR 75 ",,https://cache2.pakwheels.com/ad_pictures/8682/tn_toyota-fortuner-2-7-automatic-2014-86821292.webp,2014,"89,000 km",Petrol,2700 cc,Automatic
Suzuki Cultus  2013 EURO II for Sale,"

                        PKR 11.75 ",,https://cache2.pakwheels.com/ad_pictures/9461/tn_suzuki-cultus-vxri-euro-ii-2013-94614501.webp,2013,"107,500 km",Petrol,1000 cc,Manual
Toyota Aqua  2015 G for Sale,"

                        PKR 39.6 ",,https://cache4.pakwheels.com/ad_pictures/9461/tn_toyota-aqua-g-37-2015-94617582.webp,2015,"87,000 km",Hybrid,1500 cc,Automatic
Honda BR-V  2018 i-VTEC for Sale,"

                        PKR 43 ",,https://cache4.pakwheels.com/ad_pictures/9462/tn_honda-br-v-i-vtec-4-2018-94620320.webp,2018,"10,000 km",Petrol,1500 cc,Automatic
Toyota Hilux  2002 Tiger for Sale,"

                        PKR 34 ",9.6/10,https://cache3.pakwheels.com/ad_pictures/7551/tn_toyota-hilux-tiger-2002-75510918.webp,2002,"150,000 km",Diesel,3000 cc,Manual
Toyota Corolla  2021 Altis X Automatic 1.6 for Sale,"

                        PKR 60 ",8.6/10,https://cache4.pakwheels.com/ad_pictures/7569/tn_toyota-corolla-altis-x-automatic-1-6-2021-75693868.webp,2021,"2,000 km",Petrol,1600 cc,Automatic
Honda Civic  2019 Oriel 1.8 i-VTEC CVT for Sale,"

                        PKR 56 ",,https://cache1.pakwheels.com/ad_pictures/9462/tn_honda-civic-oriel-1-8-i-vtec-cvt-2019-94628056.webp,2019,"49,000 km",Petrol,1800 cc,Automatic
Toyota Corolla  2011 GLi 1.3 VVTi Ecotec  for Sale,"

                        PKR 23.2 ",,https://cache2.pakwheels.com/ad_pictures/9463/tn_toyota-corolla-gli-vvti-ecotec-2011-94631309.webp,2011,"75,000 km",Petrol,1300 cc,Manual
Daihatsu Mira  2011 Custom L for Sale,"

                        PKR 19.45 ",,https://cache2.pakwheels.com/ad_pictures/9494/tn_daihatsu-mira-l-4-2011-94948040.webp,2011,"113,000 km",Petrol,660 cc,Automatic
Suzuki Baleno  2005 JXR for Sale,"

                        PKR 8.5 ",,https://cache2.pakwheels.com/ad_pictures/9463/tn_suzuki-baleno-jxr-2005-94639913.webp,2005,"233,000 km",Petrol,1300 cc,Manual
Honda Vezel  2017 Hybrid Z Honda Sensing  for Sale,"

                        PKR 72.5 ",,https://cache2.pakwheels.com/ad_pictures/9221/tn_honda-vezel-hybrid-z-honda-sensing-2017-92216816.webp,2017,"38,000 km",Petrol,1500 cc,Automatic
Toyota Sienta  2018  for Sale,"

                        PKR 56.5 ",,https://cache1.pakwheels.com/ad_pictures/9463/tn_toyota-sienta-2018-94634571.webp,2018,"127,000 km",Hybrid,1500 cc,Automatic
Honda City  1997 EXi for Sale,"

                        PKR 9 ",,https://cache4.pakwheels.com/ad_pictures/9464/tn_honda-city-exi-2-1997-94643817.webp,1997,"185,000 km",Petrol,1300 cc,Manual
Honda BR-V  2018 i-VTEC S for Sale,"

                        PKR 44 ",,https://cache1.pakwheels.com/ad_pictures/8993/tn_honda-br-v-i-vtec-s-2018-89938547.webp,2018,"45,000 km",Petrol,1500 cc,Automatic
Toyota Corolla  2018 XLi Automatic for Sale,"

                        PKR 38.5 ",,https://cache1.pakwheels.com/ad_pictures/9464/tn_toyota-corolla-xli-automatic-2018-94648103.webp,2018,"56,000 km",Petrol,1300 cc,Automatic
Suzuki Cultus  2006 VXR for Sale,"

                        PKR 6.85 ",,https://cache4.pakwheels.com/ad_pictures/9465/tn_suzuki-cultus-vxr-2006-94652230.webp,2006,"82,500 km",Petrol,1000 cc,Manual
Suzuki Baleno  2004 JXR for Sale,"

                        PKR 7.9 ",,https://cache2.pakwheels.com/ad_pictures/8980/tn_suzuki-baleno-jxr-2004-89801258.webp,2004,"90,000 km",Petrol,1300 cc,Manual
Toyota Corolla  2019 Altis Automatic 1.6 for Sale,"

                        PKR 46.75 ",,https://cache1.pakwheels.com/ad_pictures/9465/tn_toyota-corolla-altis-1-6-automatic-2019-94655020.webp,2019,"48,500 km",Petrol,1600 cc,Automatic
Toyota Hilux  2010 SR5 for Sale,"

                        PKR 24 ",,https://cache4.pakwheels.com/ad_pictures/8648/tn_toyota-hilux-sr5-2010-86480958.webp,2010,"87,000 km",Petrol,3000 cc,Automatic
Toyota Prado  2005 TZ 4.0 for Sale,"

                        PKR 99.8 ",,https://cache2.pakwheels.com/ad_pictures/9465/tn_toyota-prado-tz-2-2005-94658399.webp,2005,"78,000 km",Petrol,4000 cc,Automatic
Toyota Yaris  2020 ATIV X MT 1.5 for Sale,"

                        PKR 35 ",,https://cache3.pakwheels.com/ad_pictures/9426/tn_toyota-yaris-ativ-x-mt-1-5-2020-94265196.webp,2020,"75,000 km",Petrol,1500 cc,Manual
Suzuki Every 11th Generation (JDM) 2012 GA for Sale,"

                        PKR 15.5 ",,https://cache3.pakwheels.com/ad_pictures/9467/tn_suzuki-every-ga-2012-94670004.webp,2012,"83,000 km",Petrol,660 cc,Automatic
Hyundai Sonata  2021 2.5 for Sale,"

                        PKR 1 ",,https://cache4.pakwheels.com/ad_pictures/9467/tn_hyundai-sonata-2-5-2-2021-94676167.webp,2021,"19,000 km",Petrol,2497 cc,Automatic
Daihatsu Cuore  2005  for Sale,"

                        PKR 6 ",,https://cache2.pakwheels.com/ad_pictures/9320/tn_daihatsu-cuore-2005-93206749.webp,2005,"75,000 km",Petrol,1000 cc,Manual
Toyota Yaris  2020  for Sale,"

                        PKR 50 ",9.1/10,https://cache2.pakwheels.com/ad_pictures/9282/tn_toyota-yaris-2020-92823474.webp,2020,"34,000 km",Petrol,1000 cc,Automatic
Mitsubishi Lancer  1997 GLX 1.5 for Sale,"

                        PKR 11.5 ",,https://cache1.pakwheels.com/ad_pictures/9338/tn_mitsubishi-lancer-1-5-glx-1997-93383204.webp,1997,"150,000 km",Petrol,1500 cc,Manual
Suzuki Mehran  2016 VXR Euro II for Sale,"

                        PKR 11 ",,https://cache4.pakwheels.com/ad_pictures/9123/tn_suzuki-mehran-vxr-euro-ii-2016-91230380.webp,2016,"77,000 km",Petrol,796 cc,Manual
Toyota Corolla  2012 GLi 1.3 VVTi for Sale,"

                        PKR 24.5 ",,https://cache2.pakwheels.com/ad_pictures/9468/tn_toyota-corolla-gli-vvti-2012-94686801.webp,2012,"92,570 km",Petrol,1300 cc,Manual
Ford F 150 Shelby  2018 Supercharged for Sale,"

                        PKR 4.49 ",,https://cache4.pakwheels.com/ad_pictures/8983/tn_ford-f-150-shelby-supercharged-2018-89831246.webp,2018,"18,500 km",Petrol,5000 cc,Automatic
Toyota Hilux  2019 Revo V Automatic 2.8 for Sale,"

                        PKR 98 ",,https://cache1.pakwheels.com/ad_pictures/9469/tn_toyota-hilux-revo-g-2-8-2019-94693249.webp,2019,"54,200 km",Diesel,2800 cc,Automatic
Honda Civic EG 1994  for Sale,"

                        PKR 8 ",9.6/10,https://cache1.pakwheels.com/ad_pictures/9469/tn_honda-civic-1995-94694768.webp,1994,"500,000 km",Petrol,1500 cc,Manual
Honda Vezel  2016 Hybrid Z for Sale,"

                        PKR 50 ",,https://cache2.pakwheels.com/ad_pictures/9111/tn_honda-vezel-hybrid-z-2016-91113299.webp,2016,"70,000 km",Hybrid,1500 cc,Automatic
Suzuki Mehran  2016 VXR Euro II for Sale,"

                        PKR 9.5 ",,https://cache4.pakwheels.com/ad_pictures/8738/tn_suzuki-mehran-vxr-euro-ii-2016-87381666.webp,2016,"64,500 km",Petrol,800 cc,Manual
Toyota C-HR  2018  for Sale,"

                        PKR 84 ",,https://cache1.pakwheels.com/ad_pictures/9460/tn_toyota-c-hr-2018-94601422.webp,2018,"64,000 km",Hybrid,1800 cc,Automatic
Honda Civic  2021 Oriel 1.8 i-VTEC CVT for Sale,"

                        PKR 64.5 ",,https://cache1.pakwheels.com/ad_pictures/9427/tn_honda-civic-oriel-1-8-i-vtec-cvt-2021-94270759.webp,2021,"25,000 km",Petrol,1800 cc,Automatic
Nissan Juke  2018 15RS for Sale,"

                        PKR 65 ",,https://cache3.pakwheels.com/ad_pictures/9470/tn_nissan-juke-rs-15-2018-94703029.webp,2018,"27,700 km",Petrol,1500 cc,Automatic
Daihatsu Mira  2014 L SA for Sale,"

                        PKR 18.75 ",,https://cache4.pakwheels.com/ad_pictures/9415/tn_daihatsu-mira-l-sa-2-2014-94157215.webp,2014,"62,000 km",Petrol,660 cc,Automatic
Changan Alsvin  2022 1.5L DCT Lumiere for Sale,"

                        PKR 37.25 ",,https://cache4.pakwheels.com/ad_pictures/9435/tn_changan-alsvin-1-5l-dct-lumiere-2022-94355480.webp,2022,"2,300 km",Petrol,1500 cc,Automatic
Suzuki Baleno  2004 JXL for Sale,"

                        PKR 8.45 ",,https://cache3.pakwheels.com/ad_pictures/9460/tn_suzuki-baleno-jxl-2004-94604594.webp,2004,"12,345 km",Petrol,1300 cc,Manual
Suzuki Alto  2021 VXL AGS for Sale,"

                        PKR 25.6 ",,https://cache2.pakwheels.com/ad_pictures/9470/tn_suzuki-alto-vxl-2-2021-94707939.webp,2021,"44,000 km",Petrol,0.0 kWh,Automatic
Suzuki Alto  2022 VXR for Sale,"

                        PKR 23.55 ",,https://cache2.pakwheels.com/ad_pictures/9476/tn_suzuki-alto-vxr-2-2022-94766689.webp,2022,"25,000 km",Petrol,660 cc,Manual
Suzuki Wagon R  2019 VXL for Sale,"

                        PKR 22.5 ",,https://cache4.pakwheels.com/ad_pictures/9470/tn_suzuki-wagon-r-vxl-2019-94709785.webp,2019,"45,000 km",Petrol,1000 cc,Manual
Toyota C-HR  2018 G-LED for Sale,"

                        PKR 83.5 ",,https://cache1.pakwheels.com/ad_pictures/9451/tn_toyota-c-hr-g-led-2018-94518054.webp,2018,"44,000 km",Hybrid,1800 cc,Automatic
Toyota Hilux  2008  for Sale,"

                        PKR 55 ",,https://cache3.pakwheels.com/ad_pictures/8895/tn_toyota-hilux-2008-88959799.webp,2008,"125,000 km",Petrol,4000 cc,Automatic
Toyota Passo  2018 X S  for Sale,"

                        PKR 32.7 ",,https://cache4.pakwheels.com/ad_pictures/9464/tn_toyota-passo-x-s-2-2018-94647811.webp,2018,"67,000 km",Petrol,1000 cc,Automatic
Honda City 5th Generation 2019 1.3 i-VTEC Prosmatec for Sale,"

                        PKR 37 ",,https://cache1.pakwheels.com/ad_pictures/9471/tn_honda-city-i-vtec-prosmatec-2019-94713658.webp,2019,"40,000 km",Petrol,1300 cc,Automatic
KIA Sportage  2020 Alpha for Sale,"

                        PKR 62.5 ",,https://cache4.pakwheels.com/ad_pictures/9450/tn_kia-sportage-alpha-2-2020-94505681.webp,2020,"45,000 km",Petrol,2000 cc,Automatic
Toyota Corolla  2015 Altis Automatic 1.6 for Sale,"

                        PKR 35.75 ",,https://cache4.pakwheels.com/ad_pictures/9471/tn_toyota-corolla-altis-1-6-automatic-2015-94719056.webp,2015,"44,000 km",Petrol,1600 cc,Automatic
Suzuki Wagon R  2016 VX for Sale,"

                        PKR 18 ",,https://cache3.pakwheels.com/ad_pictures/9468/tn_suzuki-wagon-r-vx-2016-94682669.webp,2016,"100,000 km",Petrol,1000 cc,Manual
Suzuki Wagon R  2019 VXL for Sale,"

                        PKR 22.5 ",,https://cache2.pakwheels.com/ad_pictures/9462/tn_suzuki-wagon-r-vxl-2019-94629006.webp,2019,"45,000 km",Petrol,1000 cc,Manual
Suzuki Spacia  2016  for Sale,"

                        PKR 22 ",,https://cache2.pakwheels.com/ad_pictures/9472/tn_suzuki-spacia-2016-94723217.webp,2016,"95,000 km",Petrol,660 cc,Automatic
Mazda Flair  2021 XG for Sale,"

                        PKR 42 ",,https://cache2.pakwheels.com/ad_pictures/9434/tn_mazda-flair-xg-4-2021-94344634.webp,2021,"13,000 km",Petrol,660 cc,Automatic
KIA Stonic  2022 EX+ for Sale,"

                        PKR 50.65 ",,https://cache2.pakwheels.com/ad_pictures/9472/tn_kia-stonic-ex-4-2022-94724813.webp,2022,"24,000 km",Petrol,1400 cc,Automatic
Honda Civic 11th Generation 2023 RS for Sale,"

                        PKR 97.5 ",,https://cache4.pakwheels.com/ad_pictures/9472/tn_honda-civic-civic-rs-2023-94726767.webp,2023,"4,000 km",Petrol,1500 cc,Automatic
Suzuki Wagon R  2014 FA for Sale,"

                        PKR 16.5 ",,https://cache2.pakwheels.com/ad_pictures/9472/tn_suzuki-wagon-r-fa-2014-94728278.webp,2014,"155,000 km",Petrol,660 cc,Automatic
Honda Civic  2004 VTi Oriel Prosmatec 1.6 for Sale,"

                        PKR 14.5 ",,https://cache4.pakwheels.com/ad_pictures/9473/tn_honda-civic-vti-oriel-prosmatec-2004-94730007.webp,2004,"95,478 km",Petrol,1600 cc,Automatic
Toyota Corolla  2016 Altis Automatic 1.6 for Sale,"

                        PKR 38 ",,https://cache4.pakwheels.com/ad_pictures/9473/tn_toyota-corolla-altis-1-6-automatic-2016-94730830.webp,2016,"76,000 km",Petrol,1600 cc,Automatic
Toyota Hilux  2023 Revo GR-S for Sale,"

                        PKR 1.57 ",,https://cache2.pakwheels.com/ad_pictures/9473/tn_toyota-hilux-revo-gr-s-2023-94732710.webp,2023,"23,000 km",Diesel,2800 cc,Automatic
Honda Civic  2005 EXi for Sale,"

                        PKR 17 ",,https://cache4.pakwheels.com/ad_pictures/9468/tn_honda-civic-exi-3-2005-94682525.webp,2005,"240,000 km",Petrol,1500 cc,Manual
Daihatsu Mira  2017 G SA III for Sale,"

                        PKR 29 ",,https://cache4.pakwheels.com/ad_pictures/9473/tn_daihatsu-mira-g-sa-iii-2017-94734658.webp,2017,"51,000 km",Petrol,660 cc,Automatic
Toyota Yaris  2021 GLI CVT 1.3 for Sale,"

                        PKR 39.99 ",,https://cache4.pakwheels.com/ad_pictures/9227/tn_toyota-yaris-gli-cvt-1-3-2021-92272414.webp,2021,"13,900 km",Petrol,1300 cc,Automatic
BMW 5 Series  2007  for Sale,"

                        Call
                  ",,https://cache4.pakwheels.com/ad_pictures/9228/tn_bmw-5-series-2007-92283201.webp,2007,"137,000 km",Petrol,5000 cc,Automatic
Toyota Prado  2019 TX Limited 2.7 for Sale,"

                        Call
                  ",,https://cache1.pakwheels.com/ad_pictures/9268/tn_toyota-prado-tx-limited-3-2019-92685688.webp,2019,"41,000 km",Petrol,2700 cc,Automatic
KIA Sorento  2022 3.5 FWD for Sale,"

                        Call
                  ",,https://cache1.pakwheels.com/ad_pictures/8935/tn_kia-sorento-3-5-fwd-2022-89353841.webp,2022,"26,000 km",Petrol,3479 cc,Automatic
Porsche Macan  2015 Turbo for Sale,"

                        Call
                  ",,https://cache1.pakwheels.com/ad_pictures/9103/tn_porsche-macan-turbo-2-2015-91030946.webp,2015,"44,000 km",Petrol,3600 cc,Automatic
Toyota Prado  2013 TZ 4.0 for Sale,"

                        PKR 1.85 ",9.5/10,https://cache1.pakwheels.com/ad_pictures/9455/tn_toyota-prado-tz-2-2013-94559706.webp,2013,"100,000 km",Petrol,4000 cc,Automatic
Toyota Aqua  2020  for Sale,"

                        Call
                  ",7.7/10,https://cache2.pakwheels.com/ad_pictures/9003/tn_toyota-aqua-2020-90039495.webp,2020,"57,000 km",Hybrid,1500 cc,Automatic
Land Rover Defender  2016  for Sale,"

                        PKR 75 ",,https://cache4.pakwheels.com/ad_pictures/9389/tn_land-rover-defender-2016-93899197.webp,2016,"51,400 km",Diesel,2400 cc,Manual
Audi A4  2017 1.4 TFSI  for Sale,"

                        Call
                  ",,https://cache2.pakwheels.com/ad_pictures/9374/tn_audi-a4-1-4-tfsi-3-2017-93744477.webp,2017,"62,000 km",Petrol,1400 cc,Automatic
Suzuki Every Wagon  2018  for Sale,"

                        PKR 38 ",9.7/10,https://cache2.pakwheels.com/ad_pictures/8874/tn_suzuki-every-wagon-2019-88748493.webp,2018,"83,954 km",Petrol,660 cc,Automatic
MG HS  2021 1.5 Turbo for Sale,"

                        PKR 65 ",9.6/10,https://cache3.pakwheels.com/ad_pictures/9400/tn_mg-hs-2-trophy-2021-94008612.webp,2021,"46,832 km",Petrol,1490 cc,Automatic
Toyota C-HR  2018  for Sale,"

                        PKR 85 ",,https://cache1.pakwheels.com/ad_pictures/9405/tn_toyota-c-hr-2018-94052555.webp,2018,"82,000 km",Hybrid,1800 cc,Automatic
Suzuki Jimny  2021  for Sale,"

                        Call
                  ",9.1/10,https://cache2.pakwheels.com/ad_pictures/9408/tn_suzuki-jimny-2021-94087931.webp,2021,"27,000 km",Petrol,660 cc,Manual
Hino 300 Series  2023  for Sale,"

                        Call
                  ",9.7/10,https://cache1.pakwheels.com/ad_pictures/7885/tn_hino-300-series-2023-78859557.webp,2023,90 km,Diesel,4000 cc,Manual
Isuzu D-Max  2019 V-Cross Automatic 3.0 for Sale,"

                        PKR 83.5 ",6.8/10,https://cache4.pakwheels.com/ad_pictures/9415/tn_isuzu-d-max-v-cross-automatic-3-0-2019-94155770.webp,2019,"57,000 km",Diesel,2999 cc,Automatic
Toyota Prado  2018 TX 2.7 for Sale,"

                        PKR 2.85 ",9.9/10,https://cache2.pakwheels.com/ad_pictures/8189/tn_toyota-prado-tx-4-2018-81890484.webp,2018,"22,455 km",Petrol,2700 cc,Automatic
Toyota C-HR  2018 G-LED for Sale,"

                        PKR 83.75 ",,https://cache3.pakwheels.com/ad_pictures/9141/tn_toyota-c-hr-g-led-2018-91413243.webp,2018,"67,000 km",Hybrid,0.0 kWh,Automatic
Toyota Yaris Hatchback  2021  for Sale,"

                        PKR 51 ",8.5/10,https://cache2.pakwheels.com/ad_pictures/8862/tn_toyota-yaris-hatchback-2021-88627402.webp,2021,"27,851 km",Petrol,1000 cc,Automatic
Toyota Passo  2020 X L Package S  for Sale,"

                        PKR 43 ",,https://cache3.pakwheels.com/ad_pictures/9430/tn_toyota-passo-x-l-package-s-2020-94300830.webp,2020,"114,000 km",Petrol,1000 cc,Automatic
Toyota Corolla  2017 GLi 1.3 VVTi for Sale,"

                        PKR 38 ",,https://cache4.pakwheels.com/ad_pictures/9242/tn_toyota-corolla-gli-vvti-2017-92427319.webp,2017,"72,000 km",Petrol,1300 cc,Manual
Honda Civic  2017 Oriel 1.8 i-VTEC CVT for Sale,"

                        PKR 43 ",9.9/10,https://cache3.pakwheels.com/ad_pictures/9427/tn_honda-civic-oriel-1-8-i-vtec-cvt-2017-94271606.webp,2017,"72,000 km",Petrol,1800 cc,Automatic
Honda City 6th Generation 2022 1.5L ASPIRE CVT for Sale,"

                        PKR 51.25 ",,https://cache1.pakwheels.com/ad_pictures/8276/tn_honda-city-1-5l-aspire-cvt-2022-82760810.webp,2022,"16,000 km",Petrol,1497 cc,Automatic
Toyota Prius  2014 G Touring Selection Leather Package 1.8 for Sale,"

                        PKR 45.85 ",,https://cache2.pakwheels.com/ad_pictures/9387/tn_toyota-prius-g-touring-selection-leather-package-1-8-2014-93871712.webp,2014,"94,000 km",Hybrid,1800 cc,Automatic
Toyota Yaris Hatchback  2020  for Sale,"

                        PKR 46 ",9.1/10,https://cache3.pakwheels.com/ad_pictures/9434/tn_toyota-yaris-hatchback-2020-94348703.webp,2020,"45,132 km",Petrol,1000 cc,Automatic
Suzuki Alto  2021  for Sale,"

                        PKR 34.5 ",8.5/10,https://cache2.pakwheels.com/ad_pictures/9424/tn_suzuki-alto-2021-94244935.webp,2021,"2,452 km",Petrol,660 cc,Automatic
Honda Civic  2016 Turbo 1.5 VTEC CVT for Sale,"

                        PKR 42.5 ",,https://cache1.pakwheels.com/ad_pictures/8994/tn_honda-civic-turbo-1-5-vtec-cvt-2016-89940405.webp,2016,"79,000 km",Petrol,1500 cc,Automatic
Toyota Fortuner  2021 2.8 Sigma 4 for Sale,"

                        PKR 1.45 ",7.6/10,https://cache1.pakwheels.com/ad_pictures/9445/tn_toyota-fortuner-2-8-sigma-2021-94456172.webp,2021,"44,000 km",Diesel,2800 cc,Automatic
KIA Sportage  2023 Black Limited Edition for Sale,"

                        PKR 93 ",,https://cache1.pakwheels.com/ad_pictures/8747/tn_kia-sportage-black-limited-edition-2023-87475240.webp,2023,10 km,Petrol,1999 cc,Automatic
Toyota Vitz  2013 F 1.0 for Sale,"

                        PKR 26 ",9.6/10,https://cache1.pakwheels.com/ad_pictures/9451/tn_toyota-vitz-1-0-f-2013-94511008.webp,2013,"133,000 km",Petrol,1000 cc,Automatic
Land Rover Discovery  1992 HSE Luxury for Sale,"

                        PKR 55 ",,https://cache3.pakwheels.com/ad_pictures/7457/Slide_land-rover-discovery-hse-luxury-1992-74577371.jpg,1992,"127,000 km",Petrol,4000 cc,Automatic
Daihatsu Mira  2021  for Sale,"

                        PKR 36 ",9.4/10,https://cache4.pakwheels.com/ad_pictures/8928/tn_daihatsu-mira-2021-89280174.webp,2021,"12,256 km",Petrol,660 cc,Automatic
Honda Vezel  2018 Hybrid Z for Sale,"

                        PKR 79.75 ",9.1/10,https://cache3.pakwheels.com/ad_pictures/9453/tn_honda-vezel-hybrid-z-2018-94531726.webp,2018,"49,000 km",Hybrid,1500 cc,Automatic
Toyota Yaris  2022 ATIV X CVT 1.5 for Sale,"

                        PKR 49 ",9.5/10,https://cache1.pakwheels.com/ad_pictures/9437/tn_toyota-yaris-ativ-x-cvt-1-5-2022-94372675.webp,2022,"13,900 km",Petrol,1500 cc,Automatic
BAIC BJ40 Plus  2022 Honorable Edition for Sale,"

                        PKR 95 ",9.5/10,https://cache4.pakwheels.com/ad_pictures/9055/tn_baic-bj40-plus-honorable-edition-2022-90559280.webp,2022,"24,000 km",Petrol,1981 cc,Automatic
Toyota Yaris  2020 ATIV CVT 1.3 for Sale,"

                        PKR 40 ",,https://cache1.pakwheels.com/ad_pictures/9331/tn_toyota-yaris-ativ-cvt-1-3-2020-93319341.webp,2020,"50,000 km",Petrol,1300 cc,Automatic
Chery Tiggo 4 Pro  2022 DEX Plus 1.5T for Sale,"

                        Call
                  ",7.3/10,https://cache1.pakwheels.com/ad_pictures/9455/tn_chery-tiggo-4-pro-dex-plus-1-5t-2022-94550505.webp,2022,"13,900 km",Petrol,1500 cc,Automatic
Toyota Prius  2020 S for Sale,"

                        PKR 91 ",,https://cache1.pakwheels.com/ad_pictures/9394/tn_toyota-prius-s-28-2020-93944765.webp,2020,"30,000 km",Hybrid,1800 cc,Automatic
Mercedes Benz C Class  2015 C180 AMG for Sale,"

                        PKR 1.3 ",,https://cache4.pakwheels.com/ad_pictures/9284/tn_mercedes-benz-c-class-c180-amg-2015-92840472.webp,2015,"58,500 km",Petrol,1600 cc,Automatic
Toyota Vitz  2019 F Safety Edition III for Sale,"

                        PKR 44.5 ",8.8/10,https://cache1.pakwheels.com/ad_pictures/8997/tn_toyota-vitz-f-safety-edition-iii-2019-89972406.webp,2019,"61,000 km",Petrol,1300 cc,Automatic
Toyota Aqua  2020 S for Sale,"

                        PKR 62 ",8.3/10,https://cache3.pakwheels.com/ad_pictures/9459/tn_toyota-aqua-s-15-2020-v-1-94590911.webp,2020,"28,500 km",Hybrid,1500 cc,Automatic
Mercedes Benz C Class  2019 C180 AMG for Sale,"

                        PKR 2.02 ",9.7/10,https://cache2.pakwheels.com/ad_pictures/9423/tn_mercedes-benz-c-class-c180-amg-2019-94237159.webp,2019,"2,700 km",Petrol,1600 cc,Automatic
Honda Vezel  2016 Hybrid Z for Sale,"

                        PKR 53.55 ",,https://cache1.pakwheels.com/ad_pictures/9463/tn_honda-vezel-hybrid-z-2016-94631523.webp,2016,"94,000 km",Hybrid,1500 cc,Automatic
Toyota C-HR  2018  for Sale,"

                        PKR 87 ",,https://cache3.pakwheels.com/ad_pictures/9463/tn_toyota-c-hr-2018-94637803.webp,2018,"27,475 km",Hybrid,1800 cc,Automatic
Toyota Yaris  2020  for Sale,"

                        PKR 53 ",,https://cache3.pakwheels.com/ad_pictures/9321/tn_toyota-yaris-2020-93212693.webp,2020,"40,000 km",Petrol,1000 cc,Automatic
Toyota Aqua  2020 S for Sale,"

                        PKR 65.1 ",,https://cache1.pakwheels.com/ad_pictures/9461/tn_toyota-aqua-s-15-2020-94610623.webp,2020,"45,000 km",Hybrid,1500 cc,Automatic
Daihatsu Mira  2020 X SA lll for Sale,"

                        PKR 34.5 ",9.3/10,https://cache1.pakwheels.com/ad_pictures/9171/tn_daihatsu-mira-x-sa-lll-2020-91716784.webp,2020,"18,000 km",Petrol,660 cc,Automatic
Toyota Hilux  2021 Revo V Automatic 2.8 for Sale,"

                        PKR 1.12 ",9.6/10,https://cache1.pakwheels.com/ad_pictures/9462/tn_toyota-hilux-revo-v-automatic-2-8-2021-94623190.webp,2021,"28,000 km",Diesel,2800 cc,Automatic
Toyota Corolla  2018 XLi Automatic for Sale,"

                        PKR 38.5 ",,https://cache1.pakwheels.com/ad_pictures/9464/tn_toyota-corolla-xli-automatic-2018-94648103.webp,2018,"56,000 km",Petrol,1300 cc,Automatic
Daihatsu Mira  2020 X SA lll for Sale,"

                        PKR 36 ",,https://cache1.pakwheels.com/ad_pictures/9464/tn_daihatsu-mira-x-sa-lll-2020-94643959.webp,2020,"42,000 km",Petrol,660 cc,Automatic
Toyota Corolla  2022 Altis SR Cruisetronic 1.6 for Sale,"

                        PKR 67.75 ",4/10,https://cache3.pakwheels.com/ad_pictures/9470/tn_toyota-corolla-1-6-cruisetronic-sr-2022-94707067.webp,2022,68 km,Petrol,1600 cc,Automatic
Toyota Sienta  2018  for Sale,"

                        PKR 69 ",,https://cache2.pakwheels.com/ad_pictures/9401/tn_toyota-sienta-2018-94018246.webp,2018,"44,000 km",Hybrid,1500 cc,Automatic
Toyota Fortuner  2021 2.8 Sigma 4 for Sale,"

                        Call
                  ",8/10,https://cache1.pakwheels.com/ad_pictures/8954/tn_toyota-fortuner-2-8-sigma-2021-89542197.webp,2021,"4,700 km",Diesel,2800 cc,Automatic
Suzuki Alto  2023 VXL AGS for Sale,"

                        PKR 29.35 ",9.6/10,https://cache3.pakwheels.com/ad_pictures/8964/tn_suzuki-alto-vxl-2-2023-89647542.webp,2023,10 km,Petrol,660 cc,Automatic
Honda Vezel  2019 Hybrid Z for Sale,"

                        PKR 79 ",8.1/10,https://cache3.pakwheels.com/ad_pictures/8737/tn_honda-vezel-hybrid-z-2019-87370826.webp,2019,"38,000 km",Hybrid,1500 cc,Automatic
Toyota Prado 120 Series 2003 TX 2.7 for Sale,"

                        PKR 69 ",9.3/10,https://cache3.pakwheels.com/ad_pictures/9017/tn_toyota-prado-tx-4-2003-90170297.webp,2003,"104,000 km",Petrol,2700 cc,Automatic
Toyota Hilux  2009 D-4D Automatic for Sale,"

                        PKR 57 ",6.4/10,https://cache2.pakwheels.com/ad_pictures/9451/tn_toyota-hilux-d-4d-automatic-2009-94517139.webp,2009,"135,000 km",Diesel,3000 cc,Automatic
Toyota Passo  2020 Moda S for Sale,"

                        PKR 45 ",9.1/10,https://cache4.pakwheels.com/ad_pictures/9274/tn_toyota-passo-moda-s-2020-92740189.webp,2020,"28,000 km",Petrol,1000 cc,Automatic
Toyota Vitz  2000 F 1.0 for Sale,"

                        PKR 13.25 ",9.9/10,https://cache4.pakwheels.com/ad_pictures/9471/tn_toyota-vitz-1-0-f-2000-94710421.webp,2000,"202,000 km",Petrol,1000 cc,Automatic
Peugeot 2008  2022 Allure for Sale,"

                        PKR 68.6 ",8.5/10,https://cache3.pakwheels.com/ad_pictures/9418/tn_peugeot-2008-allure-2022-94187472.webp,2022,"14,000 km",Petrol,1200 cc,Automatic
Toyota Yaris Hatchback  2021 G Package for Sale,"

                        PKR 53.5 ",4.4/10,https://cache3.pakwheels.com/ad_pictures/9471/tn_toyota-yaris-hatchback-g-package-2021-94714177.webp,2021,"29,600 km",Petrol,1000 cc,Automatic
Daihatsu Mira  2014 G Smart Drive Package for Sale,"

                        PKR 26.1 ",9.5/10,https://cache1.pakwheels.com/ad_pictures/9478/tn_daihatsu-mira-g-smart-drive-package-2014-94786425.webp,2014,"92,000 km",Petrol,660 cc,Automatic
Peugeot 2008  2022 Allure for Sale,"

                        PKR 68.5 ",9/10,https://cache4.pakwheels.com/ad_pictures/9403/tn_peugeot-2008-allure-2022-94034686.webp,2022,"9,500 km",Petrol,1200 cc,Automatic
Toyota Sienta  2018 X for Sale,"

                        PKR 69 ",6.9/10,https://cache1.pakwheels.com/ad_pictures/9476/tn_toyota-sienta-x-24-2018-94766178.webp,2018,"28,000 km",Hybrid,1500 cc,Automatic
Daihatsu Mira  2021 X SA lll for Sale,"

                        PKR 41.2 ",6.8/10,https://cache3.pakwheels.com/ad_pictures/9344/tn_daihatsu-mira-x-sa-lll-2021-93442541.webp,2021,"8,000 km",Petrol,660 cc,Automatic
Toyota Prius  2016 S for Sale,"

                        PKR 67.5 ",8/10,https://cache4.pakwheels.com/ad_pictures/9478/tn_toyota-prius-s-28-2016-94785002.webp,2016,"56,000 km",Hybrid,1800 cc,Automatic
Suzuki Hustler  2020 G Turbo for Sale,"

                        PKR 40 ",9.1/10,https://cache1.pakwheels.com/ad_pictures/9478/tn_suzuki-hustler-g-turbo-2-2020-94784286.webp,2020,"15,000 km",Petrol,660 cc,Automatic
Toyota Passo  2021 X S  for Sale,"

                        PKR 45.5 ",6.9/10,https://cache2.pakwheels.com/ad_pictures/9216/tn_toyota-passo-x-s-2-2021-92160236.webp,2021,"2,000 km",Petrol,1000 cc,Automatic
Range Rover Vogue  2018  for Sale,"

                        PKR 6.3 ",9.5/10,https://cache2.pakwheels.com/ad_pictures/9479/tn_range-rover-vogue-2018-94799403.webp,2018,"39,000 km",Hybrid,2000 cc,Automatic
Toyota Fortuner  2014 2.7 VVTi for Sale,"

                        PKR 68 ",9.3/10,https://cache2.pakwheels.com/ad_pictures/9480/tn_toyota-fortuner-2-7-automatic-2014-94807958.webp,2014,"115,700 km",Petrol,2700 cc,Automatic
Toyota Fortuner  2021 2.8 Sigma 4 for Sale,"

                        PKR 1.54 ",9.3/10,https://cache3.pakwheels.com/ad_pictures/9372/tn_toyota-fortuner-2-8-sigma-2021-93724268.webp,2021,"21,500 km",Diesel,2800 cc,Automatic
Toyota Corolla  2023 Altis Grande X CVT-i 1.8 Beige Interior for Sale,"

                        PKR 77 ",8.5/10,https://cache2.pakwheels.com/ad_pictures/9481/tn_toyota-corolla-altis-grande-x-cvt-i-1-8-beige-2023-94819705.webp,2023,18 km,Petrol,1800 cc,Automatic
Toyota Fortuner  2020 2.8 Sigma 4 for Sale,"

                        PKR 1.5 ",,https://cache2.pakwheels.com/ad_pictures/8876/tn_toyota-fortuner-2-8-sigma-2020-88765001.webp,2020,"21,000 km",Diesel,2800 cc,Automatic
